recurso,despacho,tecnologia,grupo_combustible,combustible_registrado,tipo_capains,cap_instalada_mw,nombre_capains,codigo_sic,agente,metodo_match,score,revisar
AGUA FRESCA,DC,PCH / hidráulica menor,Agua,AGUA,O,7.29,PLANTA MENOR AGUA FRESCA,AFR1,ADCG,exacto,1.0,
ALBAN,DC,Hidráulica (embalse),Agua,AGUA,H,427.0,ALBAN (ALTO Y BAJO ANCHICAYA) GENERADOR,ALBG,EPSG,manual,1.0,
ALEJANDRIA,DC,PCH / hidráulica menor,Agua,AGUA,O,17.0,ALEJANDRÍA,2SDR,GALG,exacto,1.0,
ALMA II,DC,Solar fotovoltaica,Sol,SOL,O,9.8,ALMA II,5F43,DEPG,exacto,1.0,
ALTO TULUA,DC,PCH / hidráulica menor,Agua,AGUA,O,19.9,PLANTA MENOR ALTO TULUA,ALTG,EPSG,exacto,1.0,
AMAIME,DC,PCH / hidráulica menor,Agua,AGUA,O,19.17,GENERADOR PLANTA MENOR AMAIME,AMA1,EPSG,exacto,1.0,
AMALFI,DC,PCH / hidráulica menor,Agua,AGUA,O,0.81,PLANTA MENOR AMALFI,AMF1,HZEG,exacto,1.0,
AMERICA,DC,PCH / hidráulica menor,Agua,AGUA,O,0.41,AMERICA GENERADOR,AMR1,EPMG,exacto,1.0,
AMOYA LA ESPERANZA,DC,Hidráulica (filo de agua),Agua,AGUA,F,80.0,GENERACION AMOYA - LA ESPERANZA,MOY1,ISGG,manual,1.0,
ASNAZU,DC,PCH / hidráulica menor,Agua,AGUA,O,0.45,ASNAZU GENERADOR,ASN1,CDIG,exacto,1.0,
ATLANTICO,DC,Solar fotovoltaica,Sol,SOL,V,180.0,Futura-Atl¿¿ntico Photovoltaic,ATLP,ENDG,manual,1.0,
AURES BAJO,DC,PCH / hidráulica menor,Agua,AGUA,O,19.4,PCH AURES BAJO,2UX3,ABAG,exacto,1.0,
AUTOG ARGOS EL CAIRO,DC,Cogeneración / otros,Biomasa/Otros,OTROS,O,,,,,heurística por nombre,0.0,SI
AUTOG ARGOS SOGAMOSO,DC,PCH / hidráulica menor,Agua,AGUA,O,15.0,AUTOG ARGOS SOGAMOSO,2V25,SOCG,exacto,1.0,
AUTOG ARGOS YUMBO,DC,Térmica menor / cogeneración,Carbón,CARBON,O,9.9,AUTOG ARGOS YUMBO,2S6S,DEPG,exacto,1.0,
AUTOG AYURA,DC,Cogeneración / otros,Biomasa/Otros,OTROS,O,,,,,heurística por nombre,0.0,SI
AUTOG BIODIANA,DC,Cogeneración / otros,Biomasa/Otros,OTROS,O,,,,,heurística por nombre,0.0,SI
AUTOG BIOS CIENAGA ORO,DC,Solar fotovoltaica,Sol,SOL,O,1.1,AUTOG BIOS CIENAGA ORO,3QK6,EPMG,exacto,1.0,
AUTOG BIOS CONTEGRAL CARTAGO,DC,Solar fotovoltaica,Sol,SOL,O,3.225,AUTOG BIOS CONTEGRAL CARTAGO,3KVZ,EPMG,exacto,1.0,
AUTOG BIOS CONTEGRAL NEIVA,DC,Solar fotovoltaica,Sol,SOL,O,1.6,AUTOG BIOS CONTEGRAL NEIVA,3KXQ,EPMG,exacto,1.0,
AUTOG BIOS FINCA BUGA,DC,Solar fotovoltaica,Sol,SOL,O,1.06,AUTOG BIOS FINCA BUGA,3Q7D,EPMG,exacto,1.0,
AUTOG BUGA I GRASAS,DC,Solar fotovoltaica,Sol,SOL,O,4.0,AUTOG BUGA I GRASAS,3GSF,EPSG,exacto,1.0,
AUTOG BUGA I SOLLA,DC,Solar fotovoltaica,Sol,SOL,O,4.9,AUTOG BUGA I SOLLA,3HS9,EPSG,exacto,1.0,
AUTOG CANAHUATE,DC,Solar fotovoltaica,Sol,SOL,V,,,,,sin Capains (OFEI/nombre),0.0,SI
AUTOG CANTAYUS,DC,Cogeneración / otros,Biomasa/Otros,OTROS,O,,,,,heurística por nombre,0.0,SI
AUTOG CARVAJAL GINEBRA,DC,Solar fotovoltaica,Sol,SOL,O,3.4,AUTOG CARVAJAL GINEBRA,5F49,ENDG,exacto,1.0,
AUTOG CELSIA SOLAR ESCOBAL CEMEX,ND,Solar fotovoltaica,Sol,SOL,O,,,,,heurística por nombre,0.0,SI
AUTOG CELSIA SOLAR ESPINAL,DC,Solar fotovoltaica,Sol,SOL,O,9.9,CELSIA SOLAR ESPINAL,2ZHY,EPSG,aproximado,0.87,SI
AUTOG CELSIA SOLAR HARINAS,DC,Solar fotovoltaica,Sol,SOL,O,2.45,AUTOG CELSIA SOLAR HARINAS,3EP6,EPSG,exacto,1.0,
AUTOG CELSIA SOLAR LEVAPAN,DC,Solar fotovoltaica,Sol,SOL,O,4.99,AUTOG CELSIA SOLAR LEVAPAN,3E7C,EPSG,exacto,1.0,
AUTOG CELSIA SOLAR PALMIRA 3,DC,Solar fotovoltaica,Sol,SOL,O,4.99,AUTOG CELSIA SOLAR PALMIRA 3,3FCD,EPSG,exacto,1.0,
AUTOG CELSIA SOLAR PALMIRA 3 ZONA FRANCA,DC,Solar fotovoltaica,Sol,SOL,O,2.9,AUTOG CELSIA SOLAR PALMIRA 3 ZONA FRANCA,3HE8,EPSG,exacto,1.0,
AUTOG CELSIA SOLAR TQ JAMUNDI,DC,Solar fotovoltaica,Sol,SOL,O,1.92,AUTOG CELSIA SOLAR TQ JAMUNDI,4RG6,EPSG,exacto,1.0,
AUTOG CELSIA SOLAR TQ TECNOSUR,DC,Solar fotovoltaica,Sol,SOL,O,4.08,AUTOG CELSIA SOLAR TQ TECNOSUR,5P44,EPSG,exacto,1.0,
AUTOG CELSIA SOLAR YUMBO,DC,Solar fotovoltaica,Sol,SOL,O,9.8,CELSIA SOLAR YUMBO,2TYI,EPSG,aproximado,0.86,SI
AUTOG CEMENTOS DEL NARE,DC,Cogeneración / otros,Biomasa/Otros,OTROS,O,,,,,heurística por nombre,0.0,SI
AUTOG CI JEANS,DC,Solar fotovoltaica,Sol,SOL,O,1.392,AUTOG CI JEANS,3F5L,ERRG,exacto,1.0,
AUTOG COCA-COLA FEMSA,DC,Térmica menor / cogeneración,Gas,GASMBT,O,2.44,AUTOG COCA-COLA FEMSA,2V27,DEPG,exacto,1.0,
AUTOG COMOLSA,DC,Solar fotovoltaica,Sol,SOL,O,3.3,AUTOG COMOLSA,4WUK,EPSG,exacto,1.0,
AUTOG CORONA SOPO,DC,Solar fotovoltaica,Sol,SOL,O,4.825,AUTOG CORONA SOPO,5AD4,ENDG,exacto,1.0,
AUTOG CORPACERO,DC,Térmica menor / cogeneración,Gas,GASMBT,O,2.1,AUTOG CORPACERO,4T6E,PRIG,exacto,1.0,
AUTOG ECOPETROL ORITO,DC,Térmica menor / cogeneración,Gas,GASMBT,O,4.0,AUTOG ECOPETROL ORITO,2YB9,GECG,exacto,1.0,
AUTOG EL COPEY,DC,Solar fotovoltaica,Sol,SOL,O,6.6,AUTOG EL COPEY,3L9B,GECG,exacto,1.0,
AUTOG ENKA DE COLOMBIA,DC,Hidráulica (embalse),Agua,AGUA,H,,,,,sin Capains (OFEI/nombre),0.0,SI
AUTOG EXTRACTORA MONTERREY,DC,Hidráulica (embalse),Agua,AGUA,H,,,,,sin Capains (OFEI/nombre),0.0,SI
AUTOG GOLOSINAS TRULULU,DC,Cogeneración / otros,Biomasa/Otros,OTROS,O,,,,,heurística por nombre,0.0,SI
AUTOG GRAN COLOMBIA GOLD,DC,Cogeneración / otros,Biomasa/Otros,OTROS,O,,,,,heurística por nombre,0.0,SI
AUTOG HIDROSOLAR I,DC,Solar fotovoltaica,Sol,SOL,O,4.9,AUTOG HIDROSOLAR I,3RH2,ERRG,exacto,1.0,
AUTOG INGENIO CARMELITA,DC,Cogeneración / otros,Biomasa/Otros,OTROS,O,4.99,AUTOG INGENIO CARMELITA,3GJU,DEPG,exacto,1.0,
AUTOG INGENIO MARIA LUISA,DC,Cogeneración / otros,Biomasa/Otros,OTROS,O,1.8,AUTOG INGENIO MARIA LUISA,3C3X,DEPG,exacto,1.0,
AUTOG LOS POCITOS,DC,Cogeneración / otros,Biomasa/Otros,OTROS,O,,,,,heurística por nombre,0.0,SI
AUTOG MILPA SAN CARLOS,DC,Solar fotovoltaica,Sol,SOL,O,1.8,AUTOG MILPA SAN CARLOS,3PK3,ENDG,exacto,1.0,
AUTOG MOLINOS SANTA MARTA,DC,Solar fotovoltaica,Sol,SOL,O,0.0,AUTOG MOLINOS SANTA MARTA,4VYM,EPSG,exacto,1.0,
AUTOG PALMERAS DE LA COSTA,DC,Solar fotovoltaica,Sol,SOL,O,3.2,AUTOG PALMERAS DE LA COSTA,4YAW,VESG,exacto,1.0,
AUTOG PINTUCO,DC,Solar fotovoltaica,Sol,SOL,O,1.406,AUTOG PINTUCO,3F5N,ERRG,exacto,1.0,
AUTOG PTAR BELLO,DC,Térmica menor / cogeneración,Gas,GASMBT,O,5.0,AUTOG PTAR BELLO,3ADA,EPMG,exacto,1.0,
AUTOG QBCO,DC,Solar fotovoltaica,Sol,SOL,O,3.3,AUTOG QBCO,4WUM,EPSG,exacto,1.0,
AUTOG REFICAR,DC,Térmica menor / cogeneración,Gas,GASMBT,O,19.9,AUTOG REFICAR,2S8I,GECG,exacto,1.0,
AUTOG SOLAR AYACUCHO,ND,Solar fotovoltaica,Sol,SOL,O,,,,,heurística por nombre,0.0,SI
AUTOG SOLAR PALMIRA,ND,Solar fotovoltaica,Sol,SOL,O,4.99,AUTOG SOLAR PALMIRA II BERRY,3PWF,EPSG,aproximado,0.81,SI
AUTOG SOLAR PALMIRA II BERRY,DC,Solar fotovoltaica,Sol,SOL,O,4.99,AUTOG SOLAR PALMIRA II BERRY,3PWF,EPSG,exacto,1.0,
AUTOG SOLAR VASCONIA,ND,Solar fotovoltaica,Sol,SOL,O,,,,,heurística por nombre,0.0,SI
AUTOG TERMOARAUCA,DC,Térmica menor / cogeneración,Gas,GASMBT,O,4.9,AUTOG TERMOARAUCA 1,4XP3,GSAG,aproximado,0.94,
AUTOG TERMOCOROCITO,DC,Térmica menor / cogeneración,Gas,GASMBT,O,4.9,AGGE TERMOCOROCITO,3NNZ,GSAG,aproximado,0.81,SI
AUTOG TERMOMACAGUA,DC,Térmica menor / cogeneración,Gas,GASMBT,O,4.9,AGGE TERMOMACAGUA,3KLQ,GSAG,aproximado,0.8,SI
AUTOG TERMOTAME,DC,Térmica menor / cogeneración,Gas,GASMBT,O,5.0,AUTOG TERMOTAME,3C4V,GSAG,exacto,1.0,
AUTOG TURGAS,DC,Térmica menor / cogeneración,Gas,GASMBT,O,3.5,AUTOG TURGAS,2YWY,TRPG,exacto,1.0,
AUTOG UNIBOL,DC,Térmica menor / cogeneración,Gas,GASMBT,O,4.9,AUTOG UNIBOL I,3JNR,COGG,aproximado,0.92,
AUTOG UNIMINAS,DC,Solar fotovoltaica,Sol,SOL,O,1.8,AUTOG UNIMINAS,3PKF,ENDG,exacto,1.0,
AUTOG YAGUARITO,DC,Cogeneración / otros,Biomasa/Otros,OTROS,O,1.6,AUTOG YAGUARITO,2S6Q,EMSG,exacto,1.0,
BAJO TULUA,DC,PCH / hidráulica menor,Agua,AGUA,O,19.9,BAJO TULUA,2QV2,EPSG,exacto,1.0,
BARAYA,DC,Solar fotovoltaica,Sol,SOL,O,0.996,BARAYA,3JPM,UNGG,exacto,1.0,
BARRANQUILLA 3,DC,Térmica,Gas,GASMBT,T,60.0,TERMOBQLLA 3 GENERA.,TBQ3,TBSG,manual,1.0,
BARRANQUILLA 4,DC,Térmica,Gas,GASMBT,T,60.0,TERMOBQLLA 4 GENERA.,TBQ4,TBSG,manual,1.0,
BARROSO,DC,PCH / hidráulica menor,Agua,AGUA,O,19.9,PCH BARROSO,BAR1,ISGG,exacto,1.0,
BAYONA,DC,PCH / hidráulica menor,Agua,AGUA,O,0.6,MENOR BAYONA,BYN1,CALG,exacto,1.0,
BELLO,DC,PCH / hidráulica menor,Agua,AGUA,O,0.35,BELLO GENERADOR,BLL3,EPMG,exacto,1.0,
BELMONTE,DC,PCH / hidráulica menor,Agua,AGUA,O,3.4,MENOR BELMONTE,BLM1,EEPG,exacto,1.0,
BETANIA,DC,Hidráulica (embalse),Agua,AGUA,H,540.0,BETANIA GENERADOR,CHBG,ENDG,exacto,1.0,
BIOENERGY,DC,Cogeneración / otros,Biomasa/Otros,OTROS,O,19.9,BIOENERGY,2SXQ,CHVG,exacto,1.0,
BOSQUES SOLARES DE LOS LLANOS 4,DC,Solar fotovoltaica,Sol,SOL,O,19.9,BOSQUES SOLARES DE LOS LLANOS 4,3EFY,ISGG,exacto,1.0,
BOSQUES SOLARES DE LOS LLANOS 5,DC,Solar fotovoltaica,Sol,SOL,O,17.9,BOSQUES SOLARES DE LOS LLANOS 5,3EDL,ISGG,exacto,1.0,
BSB 500,DC,Solar fotovoltaica,Sol,SOL,O,19.9,BSB 500,3PXE,ISGG,exacto,1.0,
BSB 501,DC,Solar fotovoltaica,Sol,SOL,O,19.9,BSB 501,3PXC,ISGG,exacto,1.0,
BSB 502,DC,Solar fotovoltaica,Sol,SOL,O,19.9,BSB 502,3PXF,ISGG,exacto,1.0,
BSB 503,DC,Solar fotovoltaica,Sol,SOL,O,19.9,BSB 503,3K8C,ISGG,exacto,1.0,
BSB 504,DC,Solar fotovoltaica,Sol,SOL,O,19.9,BSB 504,3K8E,ISGG,exacto,1.0,
BUENAVISTA,DC,Solar fotovoltaica,Sol,SOL,V,,,,,sin Capains (OFEI/nombre),0.0,SI
CAIMAN CIENAGUERO,DC,Solar fotovoltaica,Sol,SOL,O,9.0,CAIMAN CIENAGUERO,3J4D,GNYG,exacto,1.0,
CALDERAS,DC,PCH / hidráulica menor,Agua,AGUA,O,19.9,CALDERAS GENERADOR,CLDR,ISGG,exacto,1.0,
CALIMA,DC,Hidráulica (embalse),Agua,AGUA,H,132.0,CALIMA GENERADOR,CLMG,EPSG,exacto,1.0,
CAMPESTRE (CALARCA),DC,PCH / hidráulica menor,Agua,AGUA,O,,,,,heurística por nombre,0.0,SI
CAMPESTRE (EPM),DC,PCH / hidráulica menor,Agua,AGUA,O,0.87,CAMPESTRE GENERADOR EPM,CMP2,EPMG,exacto,1.0,
CANAHUATE,DC,Solar fotovoltaica,Sol,SOL,O,0.996,CANAHUATE,3JQE,UNGG,exacto,1.0,
CARACOLI,ND,PCH / hidráulica menor,Agua,AGUA,O,3.75,CARACOLI GENERADOR,CRC1,EPMG,exacto,1.0,
CARACOLI I,DC,Solar fotovoltaica,Sol,SOL,V,50.0,CARACOLI I,3INX,SDCG,exacto,1.0,
CARLOS LLERAS,DC,Hidráulica (filo de agua),Agua,AGUA,F,78.0,CARLOS LLERAS RESTREPO - GENERACION,CLL1,HDPG,manual,1.0,
CARTAGENA 1,DC,Térmica,Gas,GASMBT,T,52.0,CENTRAL CARTAGENA 1,CTG1,NTCG,manual,1.0,
CARTAGENA 2,DC,Térmica,Gas,GASMBT,T,60.0,UNIDAD 2 CENTRAL CARTAGENA,CTG2,NTCG,manual,1.0,
CARTAGENA 3,DC,Térmica,Gas,GASMBT,T,66.0,CENTRAL CARTAGENA 3,CTG3,NTCG,manual,1.0,
CARUQUIA,DC,PCH / hidráulica menor,Agua,AGUA,O,9.5,GENERADOR HIDRAULICO CARUQUIA,GCA1,ISGG,exacto,1.0,
CASCADA,DC,PCH / hidráulica menor,Agua,AGUA,O,3.0,CASCADA GENERADOR,CSC1,EPMG,exacto,1.0,
CAUYA,DC,PCH / hidráulica menor,Agua,AGUA,O,1.51,CAUYA,3AQP,SFEG,exacto,1.0,
CELSIA SOLAR ALUMINA,DC,Solar fotovoltaica,Sol,SOL,O,1.971,CELSIA SOLAR ALUMINA,3K8A,EPSG,exacto,1.0,
CELSIA SOLAR BOLIVAR,DC,Solar fotovoltaica,Sol,SOL,O,8.06,CELSIA SOLAR BOLIVAR,2VJS,EPSG,exacto,1.0,
CELSIA SOLAR BUGALAGRANDE,DC,Solar fotovoltaica,Sol,SOL,O,9.9,CELSIA SOLAR BUGALAGRANDE,3LMJ,EPSG,exacto,1.0,
CELSIA SOLAR CARMELO,DC,Solar fotovoltaica,Sol,SOL,O,9.9,CELSIA SOLAR CARMELO,3ACC,EPSG,exacto,1.0,
CELSIA SOLAR DULIMA,DC,Solar fotovoltaica,Sol,SOL,O,19.9,CELSIA SOLAR DULIMA,3GVK,EPSG,exacto,1.0,
CELSIA SOLAR ESCOBAL I,DC,Solar fotovoltaica,Sol,SOL,O,19.9,CELSIA SOLAR ESCOBAL I,5G3O,EPSG,exacto,1.0,
CELSIA SOLAR ESCOBAL II,DC,Solar fotovoltaica,Sol,SOL,O,19.9,CELSIA SOLAR ESCOBAL II,5EES,EPSG,exacto,1.0,
CELSIA SOLAR ESCOBAL III,DC,Solar fotovoltaica,Sol,SOL,O,19.9,CELSIA SOLAR ESCOBAL III,5EER,EPSG,exacto,1.0,
CELSIA SOLAR ESCOBAL IV,DC,Solar fotovoltaica,Sol,SOL,O,19.9,CELSIA SOLAR ESCOBAL IV,5DWA,EPSG,exacto,1.0,
CELSIA SOLAR ESCOBAL V,DC,Solar fotovoltaica,Sol,SOL,O,19.9,CELSIA SOLAR ESCOBAL V,5E3N,EPSG,exacto,1.0,
CELSIA SOLAR LA PAILA,DC,Solar fotovoltaica,Sol,SOL,O,9.9,CELSIA SOLAR LA PAILA,3BZB,EPSG,exacto,1.0,
CELSIA SOLAR LA VICTORIA I,DC,Solar fotovoltaica,Sol,SOL,O,19.9,CELSIA SOLAR LA VICTORIA I,3HF9,EPSG,exacto,1.0,
CELSIA SOLAR LA VICTORIA II,DC,Solar fotovoltaica,Sol,SOL,O,19.9,CELSIA SOLAR LA VICTORIA II,3HF7,EPSG,exacto,1.0,
CELSIA SOLAR PUERTO TEJADA,DC,Solar fotovoltaica,Sol,SOL,O,19.9,CELSIA SOLAR PUERTO TEJADA,3MS2,EPSG,exacto,1.0,
CELSIA SOLAR YUMA,DC,Solar fotovoltaica,Sol,SOL,O,9.1,CELSIA SOLAR YUMA,3GVM,EPSG,exacto,1.0,
CENTRAL CASTILLA 1,DC,Cogeneración / otros,Biomasa/Otros,OTROS,O,3.0,COGENERADOR CENTRAL CASTILLA,CAS1,RPEG,aproximado,0.89,SI
CENTRO SOLAR,DC,Solar fotovoltaica,Sol,SOL,O,9.9,CENTRO SOLAR,3PXH,GRCG,exacto,1.0,
CERRITOS,DC,Solar fotovoltaica,Sol,SOL,O,9.9,CERRITOS,3EXB,EPSG,exacto,1.0,
CHARQUITO,DC,PCH / hidráulica menor,Agua,AGUA,O,19.4,PLANTA MENOR CHARQUITO,CQT1,ENDG,exacto,1.0,
CHENCHE PURIFICACION,DC,Solar fotovoltaica,Sol,SOL,O,0.0,CHENCHE PURIFICACION,5SEF,ERRG,exacto,1.0,
CHIVOR,DC,Hidráulica (embalse),Agua,AGUA,H,1000.0,CHIVOR GENERADOR,CHVR,CHVG,exacto,1.0,
COCONUCO,DC,PCH / hidráulica menor,Agua,AGUA,O,4.5,COCONUCO,CCN1,EMEG,exacto,1.0,
COELLO,DC,PCH / hidráulica menor,Agua,AGUA,O,1.2,COELLO,COE1,ENGG,exacto,1.0,
COGENERADOR MANUELITA 2,DC,Cogeneración / otros,Biomasa/Otros,OTROS,O,12.0,COGENERADOR MANUELITA 2,2UP2,EEPG,exacto,1.0,
COGENERADOR PROENCA,DC,Cogeneración / otros,Biomasa/Otros,OTROS,O,19.9,COGENERADOR PROENCA,PNC1,PECG,exacto,1.0,
COMUNIDAD EL SALVADOR I,DC,Solar fotovoltaica,Sol,SOL,O,0.0127,COMUNIDAD EL SALVADOR I,3HG7,ERRG,exacto,1.0,
COMUNIDAD EL SALVADOR II,DC,Solar fotovoltaica,Sol,SOL,O,0.0037,COMUNIDAD EL SALVADOR II,3HG9,ERRG,exacto,1.0,
CONDOR,DC,Solar fotovoltaica,Sol,SOL,O,9.9,CONDOR,3QCI,TEMG,exacto,1.0,
CUCUANA,DC,Hidráulica (filo de agua),Agua,AGUA,F,56.0,GENERADOR CUCUANA,CUC1,EPSG,manual,1.0,
CURRUCUCUES,DC,PCH / hidráulica menor,Agua,AGUA,O,1.25,GENERADOR HIDRAULICO LOS CURRUCUCUES,CUR1,NRCG,aproximado,0.85,SI
DARIO VALENCIA SAMPER,DC,Hidráulica (filo de agua),Agua,AGUA,F,150.0,DARIO VALENCIA SAMPER,DVS1,ENDG,exacto,1.0,
DELTA I,DC,Solar fotovoltaica,Sol,SOL,O,0.99,DELTA I,4YLK,UNGG,exacto,1.0,
DOÑA JUANA,DC,Cogeneración / otros,Biomasa/Otros,OTROS,O,1.7,DOÑA JUANA,2S8S,BDJG,exacto,1.0,
DRUMMOND,DC,Térmica,Gas,GASMBT,T,0.0,DRUMMOND,5QT6,DRUG,exacto,1.0,
ECOPARQUE SOLAR LA CIRA,ND,Solar fotovoltaica,Sol,SOL,O,9.9,PARQUE SOLAR CRLI,5O49,GNCG,aproximado,0.81,SI
EL BOSQUE,DC,PCH / hidráulica menor,Agua,AGUA,O,2.28,MENOR EL BOSQUE,BSQ1,ERCG,exacto,1.0,
EL COCUYO,DC,PCH / hidráulica menor,Agua,AGUA,O,0.7,EL COCUYO,2S9L,PCYG,exacto,1.0,
EL EDEN,DC,PCH / hidráulica menor,Agua,AGUA,O,19.9,EL EDEN,2SW1,PRIG,exacto,1.0,
EL LIMONAR,DC,PCH / hidráulica menor,Agua,AGUA,O,18.0,PLANTA MENOR EL LIMONAR,LMR1,ENDG,exacto,1.0,
EL MOLINO,DC,PCH / hidráulica menor,Agua,AGUA,O,19.9,EL MOLINO,2T1L,ISGG,exacto,1.0,
EL PASO,DC,Solar fotovoltaica,Sol,SOL,V,68.0,EL PASO,EPFV,ENDG,exacto,1.0,
EL POPAL,DC,PCH / hidráulica menor,Agua,AGUA,O,19.9,CENTRAL HIDROELÉCTRICA EL POPAL - GENERACIÓN,2QBW,ISGG,exacto,1.0,
EL QUIMBO,DC,Hidráulica (embalse),Agua,AGUA,H,400.0,GENERADOR EL QUIMBO,QUI1,ENDG,manual,1.0,
EL TAMARINDO I,DC,Solar fotovoltaica,Sol,SOL,O,9.9,EL TAMARINDO I,5F46,TADG,exacto,1.0,
EL TAMARINDO II,DC,Solar fotovoltaica,Sol,SOL,O,9.9,EL TAMARINDO II,5F47,TADG,exacto,1.0,
ESCUELA DE MINAS,DC,Hidráulica (filo de agua),Agua,AGUA,F,55.0,FUTURA - ESCUELA DE MINAS,HMIN,HDPG,manual,1.0,
ESMERALDA,DC,Hidráulica (filo de agua),Agua,AGUA,F,30.0,ESMERALDA GENERADOR,ESMR,EPMG,exacto,1.0,
FLORES 4 CC,DC,Térmica,Gas,GASMBT,T,445.0,TERMO FLORES 4,TFL4,TMFG,manual,1.0,
FLORES I CC,DC,Térmica,Gas,GASMBT,T,160.0,TERMOFLORES GENERA.,TFL1,TMFG,manual,1.0,
FLORIDA,DC,PCH / hidráulica menor,Agua,AGUA,O,19.9,FLORIDA 2,FLRD,CDIG,aproximado,0.88,SI
FUNDACION,DC,Solar fotovoltaica,Sol,SOL,V,100.0,FUNDACION,3HF5,ENDG,exacto,1.0,
GANDALF,DC,Solar fotovoltaica,Sol,SOL,O,0.996,GANDALF,3JQC,UNGG,exacto,1.0,
GD AGUSTIN I,DC,Solar fotovoltaica,Sol,SOL,O,0.99,GD AGUSTIN I,5BPX,UNGG,exacto,1.0,
GD AGUSTIN II,DC,Solar fotovoltaica,Sol,SOL,O,0.99,GD AGUSTIN II,5QFM,UNGG,exacto,1.0,
GD AGUSTIN III,DC,Solar fotovoltaica,Sol,SOL,O,0.99,GD AGUSTIN III,5QTA,UNGG,exacto,1.0,
GD ALAMO SOLAR,DC,Solar fotovoltaica,Sol,SOL,O,0.99,GD ALAMO SOLAR,5IT1,ERRG,exacto,1.0,
GD ALEJANDRIA I,DC,Solar fotovoltaica,Sol,SOL,O,0.99,ALEJANDRIA I,4YLA,PRIG,aproximado,0.89,SI
GD ALEJANDRIA II,DC,Solar fotovoltaica,Sol,SOL,O,0.99,ALEJANDRIA II,4YLE,PRIG,aproximado,0.9,SI
GD ALEJANDRIA III,DC,Solar fotovoltaica,Sol,SOL,O,0.99,ALEJANDRIA III,4YLC,PRIG,aproximado,0.9,
GD ALFEREZ,DC,Solar fotovoltaica,Sol,SOL,O,0.6,GD ALFEREZ,3JPA,EPSG,exacto,1.0,
GD ASTRA I,DC,Solar fotovoltaica,Sol,SOL,V,,,,,sin Capains (OFEI/nombre),0.0,SI
GD ASTROLUMEN LA GARITA,DC,Solar fotovoltaica,Sol,SOL,O,0.99,GD ASTROLUMEN LA GARITA,5FPM,UNGG,exacto,1.0,
GD ATTIE KAI PRINCESA NEGRA,DC,Solar fotovoltaica,Sol,SOL,V,,,,,sin Capains (OFEI/nombre),0.0,SI
GD BASILICA,DC,Solar fotovoltaica,Sol,SOL,O,0.975,GD BASILICA,3JP6,EPSG,exacto,1.0,
GD BIOSOLAR,DC,Solar fotovoltaica,Sol,SOL,O,0.5,GD BIOSOLAR,5FPK,UNGG,exacto,1.0,
GD BLANCA ENERGY I,DC,Solar fotovoltaica,Sol,SOL,O,0.1,GD BLANCA ENERGY I,4ZIO,CTEG,exacto,1.0,
GD BLANCA ENERGY II,DC,Solar fotovoltaica,Sol,SOL,O,0.1,GD BLANCA ENERGY I,4ZIO,CTEG,aproximado,0.97,
GD BLANCA ENERGY III,DC,Solar fotovoltaica,Sol,SOL,O,0.1,GD BLANCA ENERGY I,4ZIO,CTEG,aproximado,0.95,
GD BLANCA ENERGY SOLAR 23,DC,Solar fotovoltaica,Sol,SOL,O,0.1,GD BLANCA ENERGY SOLAR 23,5GF6,CTEG,exacto,1.0,
GD BLANCA ENERGY SOLAR 24,DC,Solar fotovoltaica,Sol,SOL,O,0.1,GD BLANCA ENERGY SOLAR 24,5GF5,CTEG,exacto,1.0,
GD BOCAS DEL PALO,DC,Solar fotovoltaica,Sol,SOL,O,,,,,heurística por nombre,0.0,SI
GD BONILLA A I,DC,Solar fotovoltaica,Sol,SOL,O,0.99,GD BONILLA A I,5MAE,OTAG,exacto,1.0,
GD BONILLA A II,DC,Solar fotovoltaica,Sol,SOL,O,0.99,GD BONILLA A II,5MAG,OTAG,exacto,1.0,
GD BONILLA A III,DC,Solar fotovoltaica,Sol,SOL,O,0.99,GD BONILLA A III,5MAD,OTAG,exacto,1.0,
GD BONILLA A IV,DC,Solar fotovoltaica,Sol,SOL,O,0.99,GD BONILLA A IV,5MAH,OTAG,exacto,1.0,
GD BONILLA A V,DC,Solar fotovoltaica,Sol,SOL,O,0.99,GD BONILLA A V,5MAF,OTAG,exacto,1.0,
GD CADILLO II,DC,Solar fotovoltaica,Sol,SOL,O,0.99,GD CADILLO II,5F3Z,OTAG,exacto,1.0,
GD CALIPSO SOLAR,DC,Solar fotovoltaica,Sol,SOL,V,,,,,sin Capains (OFEI/nombre),0.0,SI
GD CANARIOS I,DC,Solar fotovoltaica,Sol,SOL,O,0.96,GD CANARIOS I,5O1U,OTAG,exacto,1.0,
GD CANARIOS II,DC,Solar fotovoltaica,Sol,SOL,O,0.96,GD CANARIOS II,5O1W,OTAG,exacto,1.0,
GD CANARIOS III,DC,Solar fotovoltaica,Sol,SOL,O,0.96,GD CANARIOS III,5OWY,OTAG,exacto,1.0,
GD CAPILLA I,DC,Solar fotovoltaica,Sol,SOL,V,,,,,sin Capains (OFEI/nombre),0.0,SI
GD CARACOL I,DC,Solar fotovoltaica,Sol,SOL,O,0.99,GD CARACOL I,5F41,OTAG,exacto,1.0,
GD CARACOL II,DC,Solar fotovoltaica,Sol,SOL,O,0.99,GD CARACOL II,5F3Y,OTAG,exacto,1.0,
GD CARACOL III,DC,Solar fotovoltaica,Sol,SOL,O,0.99,GD CARACOL III,5F3X,OTAG,exacto,1.0,
GD CHICORAL,DC,Solar fotovoltaica,Sol,SOL,O,0.975,GD CHICORAL,3JPC,EPSG,exacto,1.0,
GD CHIMBI,DC,Solar fotovoltaica,Sol,SOL,O,0.975,GD CHIMBI,3NGJ,EPSG,exacto,1.0,
GD CHIRIGUANA NORTE I,DC,Solar fotovoltaica,Sol,SOL,O,0.99,GD CHIRIGUANA NORTE IV,5LSO,UNGG,aproximado,0.98,
GD CHIRIGUANA NORTE II,DC,Solar fotovoltaica,Sol,SOL,O,0.99,GD CHIRIGUANA NORTE II,5LSN,UNGG,exacto,1.0,
GD CHIRIGUANA NORTE IV,DC,Solar fotovoltaica,Sol,SOL,O,0.99,GD CHIRIGUANA NORTE IV,5LSO,UNGG,exacto,1.0,
GD CORALITO,DC,Solar fotovoltaica,Sol,SOL,O,0.99,GD CORALITO,5IVZ,SNCG,exacto,1.0,
GD CSF ARENALES I,DC,Solar fotovoltaica,Sol,SOL,O,0.99,GD CSF ARENALES I,5ISN,GCYG,exacto,1.0,
GD CSF PINONES,DC,Solar fotovoltaica,Sol,SOL,V,,,,,sin Capains (OFEI/nombre),0.0,SI
GD DELTA II,DC,Solar fotovoltaica,Sol,SOL,O,0.0,GD DELTA III,5WUX,BIAG,aproximado,0.96,
GD DELTA III,DC,Solar fotovoltaica,Sol,SOL,V,,,,,sin Capains (OFEI/nombre),0.0,SI
GD DIOCESIS DE RIOHACHA,DC,Solar fotovoltaica,Sol,SOL,O,0.15,GD DIOCESIS DE RIOHACHA,4S66,ELIG,exacto,1.0,
GD EDEQ SOLAR LA TEBAIDA,DC,Solar fotovoltaica,Sol,SOL,O,0.12,GD EDEQ SOLAR LA TEBAIDA,5JRO,EDQG,exacto,1.0,
GD EDEQ SOLAR MONTENEGRO,DC,Solar fotovoltaica,Sol,SOL,O,0.105,GD EDEQ SOLAR MONTENEGRO,5JRP,EDQG,exacto,1.0,
GD EL BANCO,DC,Solar fotovoltaica,Sol,SOL,O,0.975,GD EL BANCO,3JQA,EPSG,exacto,1.0,
GD EL CASTILLO I,DC,Solar fotovoltaica,Sol,SOL,O,0.96,GD EL CASTILLO I,5O15,OTAG,exacto,1.0,
GD EL CASTILLO II,DC,Solar fotovoltaica,Sol,SOL,O,0.96,GD CASTILLO II,5O1A,OTAG,exacto,1.0,
GD EL CASTILLO III,DC,Solar fotovoltaica,Sol,SOL,O,0.96,GD EL CASTILLO III,5O16,OTAG,exacto,1.0,
GD EL CASTILLO IV,DC,Solar fotovoltaica,Sol,SOL,O,0.96,GD EL CASTILLO IV,5O1C,OTAG,exacto,1.0,
GD EL CASTILLO V,DC,Solar fotovoltaica,Sol,SOL,O,0.96,GD EL CASTILLO V,5O17,OTAG,exacto,1.0,
GD EL MANDARINO,DC,Solar fotovoltaica,Sol,SOL,V,,,,,sin Capains (OFEI/nombre),0.0,SI
GD EL PASO NORTE,DC,Solar fotovoltaica,Sol,SOL,O,0.99,GD EL PASO NORTE,5O14,COXG,exacto,1.0,
GD EL ROBLE,DC,Solar fotovoltaica,Sol,SOL,O,,,,,heurística por nombre,0.0,SI
GD EL TRIUNFO,DC,Solar fotovoltaica,Sol,SOL,V,,,,,sin Capains (OFEI/nombre),0.0,SI
GD EMPERATRIZ I,DC,Solar fotovoltaica,Sol,SOL,O,0.96,GD EMPERATRIZ I,5IW1,SNCG,exacto,1.0,
GD EMPERATRIZ II,DC,Solar fotovoltaica,Sol,SOL,O,0.96,GD EMPERATRIZ II,5J8J,SNCG,exacto,1.0,
GD ENCANTO,DC,Solar fotovoltaica,Sol,SOL,O,0.986,AGPE EL ENCANTO,3HWK,NMRG,aproximado,0.82,SI
GD ERCO BELEN I,DC,Solar fotovoltaica,Sol,SOL,V,,,,,sin Capains (OFEI/nombre),0.0,SI
GD ERCO BELEN II,DC,Solar fotovoltaica,Sol,SOL,V,,,,,sin Capains (OFEI/nombre),0.0,SI
GD ERCO GOLONDRINA I,DC,Solar fotovoltaica,Sol,SOL,V,,,,,sin Capains (OFEI/nombre),0.0,SI
GD ERCO GOLONDRINA II,DC,Solar fotovoltaica,Sol,SOL,V,,,,,sin Capains (OFEI/nombre),0.0,SI
GD ERCO GUAMO I,DC,Solar fotovoltaica,Sol,SOL,O,0.99,GD ERCO GUAMO I,4VYB,ERRG,exacto,1.0,
GD ERCO GUAMO II,DC,Solar fotovoltaica,Sol,SOL,O,0.99,GD ERCO GUAMO II,4UZU,ERRG,exacto,1.0,
GD ERCO GUAMO III,DC,Solar fotovoltaica,Sol,SOL,O,0.99,GD ERCO GUAMO III,4ULY,ERRG,exacto,1.0,
GD ERCO GUAMO IV,DC,Solar fotovoltaica,Sol,SOL,O,0.99,GD ERCO GUAMO IV,4UM1,ERRG,exacto,1.0,
GD ERCO ISIDORI,DC,Solar fotovoltaica,Sol,SOL,O,0.99,GD ERCO ISIDORI,5LTB,ERRG,exacto,1.0,
GD ERCO LAS PIEDRAS I,DC,Solar fotovoltaica,Sol,SOL,O,0.99,GD ERCO LAS PIEDRAS I,5JJC,ERRG,exacto,1.0,
GD ERCO LAS PIEDRAS II,DC,Solar fotovoltaica,Sol,SOL,O,0.99,GD ERCO LAS PIEDRAS I,5JJC,ERRG,aproximado,0.98,
GD ERCO MARIANGOLA,DC,Solar fotovoltaica,Sol,SOL,O,0.99,GD ERCO MARIANGOLA,4ZEP,ERRG,exacto,1.0,
GD ERCO PALMAS,DC,Solar fotovoltaica,Sol,SOL,O,0.99,GD ERCO PALMAS,5FPV,ERRG,exacto,1.0,
GD ERCO PALMAS II,DC,Solar fotovoltaica,Sol,SOL,V,,,,,sin Capains (OFEI/nombre),0.0,SI
GD ERCO SALDANA I,DC,Solar fotovoltaica,Sol,SOL,O,0.99,GD ERCO SALDANA I,3Q87,ERRG,exacto,1.0,
GD ERCO SALDANA II,DC,Solar fotovoltaica,Sol,SOL,O,0.99,GD ERCO SALDANA II,3Q89,ERRG,exacto,1.0,
GD ERCO TOLDADO,DC,Solar fotovoltaica,Sol,SOL,O,0.99,GD ERCO TOLDADO,3NDE,ERRG,exacto,1.0,
GD ESPERANZA I,DC,Solar fotovoltaica,Sol,SOL,O,0.96,GD ESPERANZA I,5F6W,NEXG,exacto,1.0,
GD ESPERANZA I ETAPA II,DC,Solar fotovoltaica,Sol,SOL,V,,,,,sin Capains (OFEI/nombre),0.0,SI
GD ESPERANZA II,DC,Solar fotovoltaica,Sol,SOL,O,0.96,GD ESPERANZA II,5F6V,NEXG,exacto,1.0,
GD EVOLTI I,DC,Solar fotovoltaica,Sol,SOL,V,,,,,sin Capains (OFEI/nombre),0.0,SI
GD FINCA ISABEL LOPEZ,DC,Solar fotovoltaica,Sol,SOL,O,0.99,GD FINCA ISABEL LOPEZ,3QQ3,GNYG,exacto,1.0,
GD FINCA JM,DC,Solar fotovoltaica,Sol,SOL,O,0.99,GD FINCA JM,3NU4,GNYG,exacto,1.0,
GD GALERAS OCCIDENTE,DC,Solar fotovoltaica,Sol,SOL,V,,,,,sin Capains (OFEI/nombre),0.0,SI
GD GALILEO SOLAR,DC,Solar fotovoltaica,Sol,SOL,O,0.999,GD GALILEO SOLAR,5MA4,GNYG,exacto,1.0,
GD GOLONDRINA,DC,Solar fotovoltaica,Sol,SOL,O,0.99,GD GOLONDRINA,5J8I,SNCG,exacto,1.0,
GD GRANJA LA RUBIELA,DC,Solar fotovoltaica,Sol,SOL,O,0.99,GD GRANJA LA RUBIELA,4YL2,DUCG,exacto,1.0,
GD GRANJA SAN PELAYO,DC,Solar fotovoltaica,Sol,SOL,O,0.99,GD GRANJA SAN PELAYO,5AUM,DUCG,exacto,1.0,
GD GRANJA SOLAR EL BOTE,DC,Solar fotovoltaica,Sol,SOL,V,,,,,sin Capains (OFEI/nombre),0.0,SI
GD GRANJA SOLAR SAN AGUSTIN,DC,Solar fotovoltaica,Sol,SOL,V,,,,,sin Capains (OFEI/nombre),0.0,SI
GD GUADALUPE I,DC,Solar fotovoltaica,Sol,SOL,V,,,,,sin Capains (OFEI/nombre),0.0,SI
GD GY SAN MARTIN II,DC,Solar fotovoltaica,Sol,SOL,V,,,,,sin Capains (OFEI/nombre),0.0,SI
GD JARDINCITO,DC,Solar fotovoltaica,Sol,SOL,O,,,,,heurística por nombre,0.0,SI
GD LA CACICA,DC,Solar fotovoltaica,Sol,SOL,O,,,,,heurística por nombre,0.0,SI
GD LA CATEDRAL,DC,Solar fotovoltaica,Sol,SOL,O,0.99,GD LA CATEDRAL,5H1R,UNGG,exacto,1.0,
GD LA HONDA,DC,Solar fotovoltaica,Sol,SOL,O,0.975,GD LA HONDA,3K6X,EPSG,exacto,1.0,
GD LA HORMIGUITA,DC,Solar fotovoltaica,Sol,SOL,V,,,,,sin Capains (OFEI/nombre),0.0,SI
GD LA MACANA,DC,Solar fotovoltaica,Sol,SOL,O,0.99,GD LA MACANA,5ISR,SUNG,exacto,1.0,
GD LA URIBE,DC,Solar fotovoltaica,Sol,SOL,O,0.6,GD LA URIBE,3JP8,EPSG,exacto,1.0,
GD LAS MERCEDES I,DC,Solar fotovoltaica,Sol,SOL,O,0.99,GD LAS MERCEDES I,5F42,FERG,exacto,1.0,
GD LAS MERCEDES II,DC,Solar fotovoltaica,Sol,SOL,O,0.99,GD LAS MERCEDES II,5F6Z,FERG,exacto,1.0,
GD LAS PILONERAS,DC,Solar fotovoltaica,Sol,SOL,O,0.99,GD LAS PILONERAS,5H1N,UNGG,exacto,1.0,
GD LEGACY,DC,Solar fotovoltaica,Sol,SOL,V,,,,,sin Capains (OFEI/nombre),0.0,SI
GD LOS CHORROS,DC,Solar fotovoltaica,Sol,SOL,O,0.6,GD LOS CHORROS,3JPE,EPSG,exacto,1.0,
GD LOS MANGOS I,DC,Solar fotovoltaica,Sol,SOL,V,,,,,sin Capains (OFEI/nombre),0.0,SI
GD LOS MANGOS II,DC,Solar fotovoltaica,Sol,SOL,V,,,,,sin Capains (OFEI/nombre),0.0,SI
GD LOS MANGOS III,DC,Solar fotovoltaica,Sol,SOL,V,,,,,sin Capains (OFEI/nombre),0.0,SI
GD LURUACO I A I,DC,Solar fotovoltaica,Sol,SOL,V,,,,,sin Capains (OFEI/nombre),0.0,SI
GD LURUACO I A II,DC,Solar fotovoltaica,Sol,SOL,V,,,,,sin Capains (OFEI/nombre),0.0,SI
GD LURUACO I A III,DC,Solar fotovoltaica,Sol,SOL,V,,,,,sin Capains (OFEI/nombre),0.0,SI
GD LURUACO I A IV,DC,Solar fotovoltaica,Sol,SOL,V,,,,,sin Capains (OFEI/nombre),0.0,SI
GD LYRA,DC,Solar fotovoltaica,Sol,SOL,O,0.99,GD LYRA,5IKR,BIAG,exacto,1.0,
GD LYRA II,DC,Solar fotovoltaica,Sol,SOL,V,,,,,sin Capains (OFEI/nombre),0.0,SI
GD MARIANGEL,DC,Solar fotovoltaica,Sol,SOL,V,,,,,sin Capains (OFEI/nombre),0.0,SI
GD MEISSA II,DC,Solar fotovoltaica,Sol,SOL,O,0.96,GD MEISSA II,5LON,GNYG,exacto,1.0,
GD MGS 0013 LA MESA,DC,Solar fotovoltaica,Sol,SOL,O,0.99,GD MGS 0013 LA MESA,5B15,UNGG,exacto,1.0,
GD NAOS I,DC,Solar fotovoltaica,Sol,SOL,O,0.96,GD NAOS I,3NLE,UNGG,exacto,1.0,
GD NAOS II,DC,Solar fotovoltaica,Sol,SOL,O,0.96,GD NAOS II,4T9M,BIAG,exacto,1.0,
GD NAOS III,DC,Solar fotovoltaica,Sol,SOL,O,0.96,GD NAOS III,4WP2,BIAG,exacto,1.0,
GD NAOS IV,DC,Solar fotovoltaica,Sol,SOL,V,,,,,sin Capains (OFEI/nombre),0.0,SI
GD NAOS V,DC,Solar fotovoltaica,Sol,SOL,V,,,,,sin Capains (OFEI/nombre),0.0,SI
GD NOVA I,DC,Solar fotovoltaica,Sol,SOL,V,,,,,sin Capains (OFEI/nombre),0.0,SI
GD NOVA II,DC,Solar fotovoltaica,Sol,SOL,V,,,,,sin Capains (OFEI/nombre),0.0,SI
GD ORBIS,DC,Solar fotovoltaica,Sol,SOL,O,0.99,GD ORBIS,5IM7,BIAG,exacto,1.0,
GD PALERMO,DC,Solar fotovoltaica,Sol,SOL,O,0.975,GD PALERMO,3KOL,EPSG,exacto,1.0,
GD PALMERAS I,DC,Solar fotovoltaica,Sol,SOL,O,0.99,GD PALMERAS I,5ISK,OTAG,exacto,1.0,
GD PALMERAS II,DC,Solar fotovoltaica,Sol,SOL,O,0.99,GD PALMERAS II,5ISO,OTAG,exacto,1.0,
GD PALMERAS III,DC,Solar fotovoltaica,Sol,SOL,O,0.99,GD PALMERAS III,5ISL,OTAG,exacto,1.0,
GD PALMERAS IV,DC,Solar fotovoltaica,Sol,SOL,O,0.99,GD PALMERAS IV,5ISM,OTAG,exacto,1.0,
GD PARQUE SOLAR GRANADA I,DC,Solar fotovoltaica,Sol,SOL,O,0.99,GD PARQUE SOLAR GRANADA I,5AXI,EMSG,exacto,1.0,
GD PARQUE SOLAR GRANADA II,DC,Solar fotovoltaica,Sol,SOL,O,0.99,GD PARQUE SOLAR GRANADA II,5ISS,EMSG,exacto,1.0,
GD PARQUE SOLAR LA ESPERANZA,DC,Solar fotovoltaica,Sol,SOL,O,0.99,GD PARQUE SOLAR LA ESPERANZA,5K7I,EMSG,exacto,1.0,
GD PARQUE SOLAR TRONCAL,DC,Solar fotovoltaica,Sol,SOL,O,0.99,GD PARQUE SOLAR TRONCAL,5L9T,EMSG,exacto,1.0,
GD PARQUE SOLAR TRONCAL II,DC,Solar fotovoltaica,Sol,SOL,V,,,,,sin Capains (OFEI/nombre),0.0,SI
GD PEGASUS SOLAR,DC,Solar fotovoltaica,Sol,SOL,O,0.999,GD PEGASUS SOLAR,5K7H,GNYG,exacto,1.0,
GD PIEDECUESTA I,DC,Solar fotovoltaica,Sol,SOL,V,,,,,sin Capains (OFEI/nombre),0.0,SI
GD PIEDECUESTA II,DC,Solar fotovoltaica,Sol,SOL,V,,,,,sin Capains (OFEI/nombre),0.0,SI
GD PIEDECUESTA III,DC,Solar fotovoltaica,Sol,SOL,V,,,,,sin Capains (OFEI/nombre),0.0,SI
GD PISINGO I,DC,Solar fotovoltaica,Sol,SOL,V,,,,,sin Capains (OFEI/nombre),0.0,SI
GD PISINGO II,DC,Solar fotovoltaica,Sol,SOL,V,,,,,sin Capains (OFEI/nombre),0.0,SI
GD POLARIS II,DC,Solar fotovoltaica,Sol,SOL,O,0.99,GD POLARIS II,5BQA,UNGG,exacto,1.0,
GD POLARIS III,DC,Solar fotovoltaica,Sol,SOL,O,0.99,GD POLARIS III,5JQL,BIAG,exacto,1.0,
GD POLARIS IV,DC,Solar fotovoltaica,Sol,SOL,V,,,,,sin Capains (OFEI/nombre),0.0,SI
GD PULOY,DC,Solar fotovoltaica,Sol,SOL,O,0.99,GD PULOY,4XUX,UNGG,exacto,1.0,
GD PXV I,DC,Solar fotovoltaica,Sol,SOL,O,0.99,GD PXV I,5AUE,ESNG,exacto,1.0,
GD PXV II,DC,Solar fotovoltaica,Sol,SOL,V,,,,,sin Capains (OFEI/nombre),0.0,SI
GD PXV IV,DC,Solar fotovoltaica,Sol,SOL,O,0.99,GD PXV IV,5AUG,ESNG,exacto,1.0,
GD RIGEL SOLAR,DC,Solar fotovoltaica,Sol,SOL,V,,,,,sin Capains (OFEI/nombre),0.0,SI
GD ROCKY II,DC,Solar fotovoltaica,Sol,SOL,V,,,,,sin Capains (OFEI/nombre),0.0,SI
GD SABANA DE TORRES,DC,Solar fotovoltaica,Sol,SOL,O,0.0,GD SABANA DE TORRES,5QFE,UNGG,exacto,1.0,
GD SAN MARTIN,ND,Solar fotovoltaica,Sol,SOL,O,0.99,GD SAN MARTIN,4WWY,EMSG,exacto,1.0,
GD SAN MARTIN I,DC,Solar fotovoltaica,Sol,SOL,V,,,,,sin Capains (OFEI/nombre),0.0,SI
GD SAN MARTIN II,DC,Solar fotovoltaica,Sol,SOL,O,0.99,GD SAN MARTIN II,4XQA,EMSG,exacto,1.0,
GD SAN MARTIN III,DC,Solar fotovoltaica,Sol,SOL,O,0.99,GD SAN MARTIN III,4Y5T,EMSG,exacto,1.0,
GD SAN ONOFRE I,DC,Solar fotovoltaica,Sol,SOL,O,0.9,GD SAN ONOFRE I,5PU1,DUCG,exacto,1.0,
GD SAN ONOFRE II,DC,Solar fotovoltaica,Sol,SOL,O,0.9,GD SAN ONOFRE II,5PTW,DUCG,exacto,1.0,
GD SAN ONOFRE III,DC,Solar fotovoltaica,Sol,SOL,O,0.9,GD SAN ONOFRE III,5PTU,DUCG,exacto,1.0,
GD SAN PELAYO,DC,Solar fotovoltaica,Sol,SOL,O,0.99,GD SAN PELAYO,5F74,UNGG,exacto,1.0,
GD SEMILLA DE EL PASO IIIA,DC,Solar fotovoltaica,Sol,SOL,O,0.99,GD SEMILLA DE EL PASO IIIA,5K7O,ERRG,exacto,1.0,
GD SEMILLA DE EL PASO IVA,DC,Solar fotovoltaica,Sol,SOL,O,0.99,GD SEMILLA DE EL PASO IVA,5K7N,ERRG,exacto,1.0,
GD SEMILLA DE GUACAMAYAL II,DC,Solar fotovoltaica,Sol,SOL,O,0.96,GD SEMILLA DE GUACAMAYAL II,5DW8,GNYG,exacto,1.0,
GD SEMILLA DEL PASO IA,DC,Solar fotovoltaica,Sol,SOL,O,0.99,GD SEMILLA DEL PASO IA,5IT2,ERRG,exacto,1.0,
GD SEMILLA DEL PASO III,DC,Solar fotovoltaica,Sol,SOL,O,0.99,GD SEMILLA DEL PASO III,5IT3,ERRG,exacto,1.0,
GD SEMILLAS DE CERETE II,DC,Solar fotovoltaica,Sol,SOL,V,,,,,sin Capains (OFEI/nombre),0.0,SI
GD SEMILLAS MONTERIA I,DC,Solar fotovoltaica,Sol,SOL,O,0.99,GD SEMILLAS MONTERIA I,5IKT,SNCG,exacto,1.0,
GD SEMILLAS MONTERIA II,DC,Solar fotovoltaica,Sol,SOL,O,0.99,GD SEMILLAS MONTERIA II,5IKU,SNCG,exacto,1.0,
GD SEVILLANO RURAL I,DC,Solar fotovoltaica,Sol,SOL,O,0.99,GD SEVILLANO RURAL I,5LOO,GNYG,exacto,1.0,
GD SEVILLANO RURAL II,DC,Solar fotovoltaica,Sol,SOL,O,0.99,GD SEVILLANO RURAL II,5LAA,GNYG,exacto,1.0,
GD SINAI,DC,Solar fotovoltaica,Sol,SOL,O,0.96,GD SINAI,5MAK,NEXG,exacto,1.0,
GD SOL Y CIELO X,DC,Solar fotovoltaica,Sol,SOL,O,0.9,GD SOL Y CIELO X,5MY6,SCEG,exacto,1.0,
GD SOL Y CIELO XI,DC,Solar fotovoltaica,Sol,SOL,V,,,,,sin Capains (OFEI/nombre),0.0,SI
GD SOL Y CIELO XII,DC,Solar fotovoltaica,Sol,SOL,V,,,,,sin Capains (OFEI/nombre),0.0,SI
GD SOL Y CIELO XIII,DC,Solar fotovoltaica,Sol,SOL,V,,,,,sin Capains (OFEI/nombre),0.0,SI
GD SOL Y CIELO XIV,DC,Solar fotovoltaica,Sol,SOL,V,,,,,sin Capains (OFEI/nombre),0.0,SI
GD SOLYCIELO 9,DC,Solar fotovoltaica,Sol,SOL,O,0.99,GD SOLYCIELO 9,5JG6,UNGG,exacto,1.0,
GD SUAMOX,DC,Solar fotovoltaica,Sol,SOL,O,0.925,GD SUAMOX,5NPT,EBSG,exacto,1.0,
GD TAURAMENA I,DC,Solar fotovoltaica,Sol,SOL,V,,,,,sin Capains (OFEI/nombre),0.0,SI
GD TAURUS IX,DC,Solar fotovoltaica,Sol,SOL,O,0.0,GD TAURUS IX,5QFI,UNGG,exacto,1.0,
GD TAURUS VIII,DC,Solar fotovoltaica,Sol,SOL,O,0.0,GD TAURUS VIII,5QFG,UNGG,exacto,1.0,
GD TAURUS X,DC,Solar fotovoltaica,Sol,SOL,O,0.0,GD TAURUS X,5QFK,UNGG,exacto,1.0,
GD TITAN SOLAR,DC,Solar fotovoltaica,Sol,SOL,V,,,,,sin Capains (OFEI/nombre),0.0,SI
GD VEGA I,DC,Solar fotovoltaica,Sol,SOL,O,0.99,GD VEGA I,5SCX,BIAG,exacto,1.0,
GD VEGA II,DC,Solar fotovoltaica,Sol,SOL,O,0.0,GD VEGA II,5SCK,BIAG,exacto,1.0,
GD VITERBO I,DC,Solar fotovoltaica,Sol,SOL,O,0.97,GD VITERBO I,5PO1,ELIG,exacto,1.0,
GD VITERBO II,DC,Solar fotovoltaica,Sol,SOL,O,0.97,GD VITERBO II,5PO2,ELIG,exacto,1.0,
GD WE202,ND,Solar fotovoltaica,Sol,SOL,O,0.99,GD WE202,5F3P,CERG,exacto,1.0,
GD WE2021,DC,Solar fotovoltaica,Sol,SOL,O,0.99,GD WE2021,5F3Q,CERG,exacto,1.0,
GD YUAN SOLAR,DC,Solar fotovoltaica,Sol,SOL,O,0.99,GD YUAN SOLAR,5H1O,UNGG,exacto,1.0,
GD YURBAQUA,DC,Solar fotovoltaica,Sol,SOL,O,0.9,GD YURBAQUA,5DW3,UNGG,exacto,1.0,
GECELCA 3,DC,Térmica,Carbón,CARBON,T,164.0,SUBMERCADO GENERACIÓN GECELCA 3,GEC3,GECG,exacto,1.0,
GECELCA 32,DC,Térmica,Carbón,CARBON,T,270.0,SUBMERCADO GENERACIÓN GECELCA 32,GE32,GECG,exacto,1.0,
GR PARQUE SOLAR TUCANES,DC,Solar fotovoltaica,Sol,SOL,O,9.9,GR PARQUE SOLAR TUCANES,3EBN,EPSG,exacto,1.0,
GRANJA SOLAR ASTURIAS,DC,Solar fotovoltaica,Sol,SOL,O,9.9,GRANJA SOLAR ASTURIAS,5J8H,GRCG,exacto,1.0,
GRANJA SOLAR BELMONTE,DC,Solar fotovoltaica,Sol,SOL,O,4.99,GRANJA SOLAR BELMONTE,3B4L,EEPG,exacto,1.0,
GRANJA SOLAR EL SALADO,DC,Solar fotovoltaica,Sol,SOL,O,0.0998,GRANJA SOLAR EL SALADO,3GI6,FERG,exacto,1.0,
GRANJA SOLAR FLANDES,DC,Solar fotovoltaica,Sol,SOL,O,19.9,GRANJA SOLAR FLANDES,3GVI,EPSG,exacto,1.0,
GRANJA SOLAR LA GARITA,DC,Solar fotovoltaica,Sol,SOL,O,9.9,GRANJA SOLAR ASTURIAS,5J8H,GRCG,aproximado,0.85,SI
GRANJA SOLAR LANCEROS,DC,Solar fotovoltaica,Sol,SOL,O,9.1,GRANJA SOLAR LANCEROS,3FCF,EPSG,exacto,1.0,
GRANJA SOLAR SAN FELIPE,DC,Solar fotovoltaica,Sol,SOL,O,9.1,GRANJA SOLAR SAN FELIPE,3GRD,EPSG,exacto,1.0,
GUACAICA,DC,PCH / hidráulica menor,Agua,AGUA,O,0.86,MENOR GUACAICA,GCC1,EPMG,exacto,1.0,
GUAJIRA 1,DC,Térmica,Carbón,CARBON,T,145.0,TERMOGUAJIRA 1,TGJ1,GECG,manual,1.0,
GUAJIRA 2,DC,Térmica,Carbón,CARBON,T,130.0,TERMOGUAJIRA 2,TGJ2,GECG,manual,1.0,
GUALANDAY,DC,Solar fotovoltaica,Sol,SOL,V,,,,,sin Capains (OFEI/nombre),0.0,SI
GUAMO,DC,Solar fotovoltaica,Sol,SOL,O,9.0,GUAMO,3J83,ERRG,exacto,1.0,
GUANAQUITAS,DC,PCH / hidráulica menor,Agua,AGUA,O,9.5,PLANTA MENOR GUANAQUITAS,GQA1,ISGG,exacto,1.0,
GUATAPE,DC,Hidráulica (embalse),Agua,AGUA,H,560.0,GUATAPE GENERADOR,GTPE,EPMG,exacto,1.0,
GUATRON,DC,Hidráulica (embalse),Agua,AGUA,H,512.0,GUATRON GENERADOR,GTRG,EPMG,manual,1.0,
GUAVIO,DC,Hidráulica (embalse),Agua,AGUA,H,1250.0,GUAVIO GENERADOR,GVIO,ENDG,exacto,1.0,
GUAVIO MENOR,DC,Hidráulica (embalse),Agua,AGUA,H,1250.0,GUAVIO GENERADOR,GVIO,ENDG,exacto,1.0,
GUAYEPO,DC,Solar fotovoltaica,Sol,SOL,V,370.0,FUTURA - GUAYEPO,GYPO,ENDG,manual,1.0,
GUAYEPO III,DC,Solar fotovoltaica,Sol,SOL,V,180.0,GUAYEPO 3,GYP3,ENDG,manual,1.0,
GY SOLAR AURORA,DC,Solar fotovoltaica,Sol,SOL,O,,,,,heurística por nombre,0.0,SI
HELIOS I,DC,Solar fotovoltaica,Sol,SOL,O,16.0,HELIOS I,3DSO,EBSG,exacto,1.0,
HIDROBARRANCAS,DC,PCH / hidráulica menor,Agua,AGUA,O,4.7,HIDROBARRANCA,2YNA,HBCG,aproximado,0.96,
HIDROMONTAÑITAS,DC,PCH / hidráulica menor,Agua,AGUA,O,19.9,PCH MONTAÑITAS GENERACION,HMO1,EPSG,aproximado,0.8,SI
INCAUCA 1,DC,Cogeneración / otros,Biomasa/Otros,OTROS,O,60.0,COGENERADOR INCAUCA,INC1,NTCG,aproximado,0.88,SI
INGENIO PICHICHI 1,ND,Cogeneración / otros,Biomasa/Otros,OTROS,O,0.0,COGENERADOR INGENIO PICHICHI,PIC1,EEPG,aproximado,0.94,
INGENIO PROVIDENCIA 2,DC,Cogeneración / otros,Biomasa/Otros,OTROS,O,19.9,COGENERADOR INGENIO PROVIDENCIA,CIP1,NTCG,aproximado,0.95,
INGENIO RIOPAILA 1,DC,Cogeneración / otros,Biomasa/Otros,OTROS,O,16.0,COGENERADOR INGENIO RIOPAILA,RPL1,RPEG,aproximado,0.94,
INGENIO RISARALDA 1,DC,PCH / hidráulica menor,Agua,AGUA,O,19.9,COGENERADOR INGENIO RISARALDA,IRG1,ERRG,aproximado,0.94,
INGENIO SAN CARLOS 1,DC,Cogeneración / otros,Biomasa/Otros,OTROS,O,2.0,COGENERADOR INGENIO SAN CARLOS S.A.,CIS1,ECNG,aproximado,0.95,
INSULA,DC,PCH / hidráulica menor,Agua,AGUA,O,19.0,INSULA GENERADOR,INS1,EPMG,exacto,1.0,
INTERMEDIA,DC,PCH / hidráulica menor,Agua,AGUA,O,0.96,MENOR INTERMEDIA,INT1,EPMG,exacto,1.0,
INZA,DC,PCH / hidráulica menor,Agua,AGUA,O,0.75,PLANTA MENOR INZA,INZ1,CDIG,exacto,1.0,
IQUIRA I,DC,PCH / hidráulica menor,Agua,AGUA,O,1.38,PLANTA MENOR IQUIRA 2,IQU2,HLAG,aproximado,0.88,SI
IQUIRA II,DC,PCH / hidráulica menor,Agua,AGUA,O,1.38,PLANTA MENOR IQUIRA 2,IQU2,HLAG,aproximado,0.82,SI
ITUANGO,DC,Hidráulica (embalse),Agua,AGUA,H,1200.0,GENERADOR ITUANGO,PES1,EPMG,manual,1.0,
JAGUAS,DC,Hidráulica (embalse),Agua,AGUA,H,170.0,JAGUAS GENERADOR,JAGS,ISGG,exacto,1.0,
JEQUES,DC,Solar fotovoltaica,Sol,SOL,O,9.9,JEQUES,3LMH,GNYG,exacto,1.0,
JUAN GARCIA,DC,PCH / hidráulica menor,Agua,AGUA,O,4.52,JUAN GARCIA,2V5G,GPEG,exacto,1.0,
JUMI,DC,Solar fotovoltaica,Sol,SOL,O,9.9,JUMI,3RGX,GNCG,exacto,1.0,
LA CASCADA ( ABEJORRAL),DC,PCH / hidráulica menor,Agua,AGUA,O,3.0,PLANTA MENOR LA CASCADA-ABEJORRAL,ABJ1,GPEG,exacto,1.0,
LA CASCADA (ANTIOQUIA),DC,PCH / hidráulica menor,Agua,AGUA,O,,,,,heurística por nombre,0.0,SI
LA CASCADA DE GRANADA,DC,PCH / hidráulica menor,Agua,AGUA,O,2.09,LA CASCADA DE GRANADA,3IRZ,SFEG,exacto,1.0,
LA CHORRERA,DC,PCH / hidráulica menor,Agua,AGUA,O,15.0,LA CHORRERA,3CG9,HEMG,exacto,1.0,
LA FRISOLERA,DC,PCH / hidráulica menor,Agua,AGUA,O,0.47,PCH LA FRISOLERA,2S78,SGMG,exacto,1.0,
LA HERRADURA,DC,PCH / hidráulica menor,Agua,AGUA,O,19.8,PLANTA MENOR LA HERRADURA,HRD1,EPMG,exacto,1.0,
LA INGLESA,DC,Solar fotovoltaica,Sol,SOL,O,0.996,LA INGLESA,3NR8,UNGG,exacto,1.0,
LA MARTINA,DC,Solar fotovoltaica,Sol,SOL,O,9.9,LA MARTINA,4SO6,ERRG,exacto,1.0,
LA MATA,DC,Solar fotovoltaica,Sol,SOL,V,80.0,FUTURA - PV LA MATA,MATA,SLMG,manual,1.0,
LA MEDINA,DC,Solar fotovoltaica,Sol,SOL,O,9.9,LA MEDINA,3EV3,EPSG,exacto,1.0,
LA NAVETA,DC,PCH / hidráulica menor,Agua,AGUA,O,4.8,LA NAVETA GENERACIÓN,NAV1,IACG,exacto,1.0,
LA NENERA,DC,Solar fotovoltaica,Sol,SOL,O,0.975,LA NENERA,3JBP,ESNG,exacto,1.0,
LA PAZ,DC,Solar fotovoltaica,Sol,SOL,O,0.0,LA PAZ,5PUN,GRCG,exacto,1.0,
LA PITA,DC,PCH / hidráulica menor,Agua,AGUA,O,1.42,PLANTA MENOR LA PITA,PTA1,HLAG,exacto,1.0,
LA REBUSCA,DC,PCH / hidráulica menor,Agua,AGUA,O,0.7,LA REBUSCA,2QRL,HZEG,exacto,1.0,
LA SIERPE,DC,Solar fotovoltaica,Sol,SOL,O,19.9,LA SIERPE,3C3Z,AAGG,exacto,1.0,
LA TASAJERA,DC,Hidráulica (embalse),Agua,AGUA,H,306.0,LATASAJERA GENERADOR,LTSJ,EPMG,manual,1.0,
LA TOLUA,DC,Solar fotovoltaica,Sol,SOL,O,19.9,LA TOLUA,3HBP,AAGG,exacto,1.0,
LA VUELTA,DC,PCH / hidráulica menor,Agua,AGUA,O,11.6,PLANTA MENOR LA VUELTA,VLT1,EPMG,exacto,1.0,
LAGUNETA,DC,PCH / hidráulica menor,Agua,AGUA,O,18.0,LAGUNETA,2R22,ENDG,exacto,1.0,
LAS PALMAS,DC,PCH / hidráulica menor,Agua,AGUA,O,2.8,PCH LAS PALMAS,2U1G,GNCG,exacto,1.0,
LAS VIOLETAS,DC,PCH / hidráulica menor,Agua,AGUA,O,0.945,LAS VIOLETAS,3DXJ,PCYG,exacto,1.0,
LATAM SOLAR LA LOMA,DC,Solar fotovoltaica,Sol,SOL,V,150.0,LATAM SOLAR LA LOMA,3DDT,ENDG,exacto,1.0,
LOS CABALLEROS,DC,Solar fotovoltaica,Sol,SOL,O,9.9,LOS CABALLEROS,3EV1,EPSG,exacto,1.0,
LOS GIRASOLES,DC,Solar fotovoltaica,Sol,SOL,O,9.5,LOS GIRASOLES,3HLD,PSGG,exacto,1.0,
LUZMA I,DC,PCH / hidráulica menor,Agua,AGUA,O,19.6,LUZMA I,2TUT,ISGG,exacto,1.0,
LUZMA II,DC,PCH / hidráulica menor,Agua,AGUA,O,19.6,LUZMA II,2TUV,ISGG,exacto,1.0,
MAGALLO,DC,PCH / hidráulica menor,Agua,AGUA,O,5.7,MAGALLO,2SS2,HCCG,exacto,1.0,
MANANTIALES,DC,PCH / hidráulica menor,Agua,AGUA,O,3.15,MANANTIALES GENERADOR,MNT1,EPMG,exacto,1.0,
MAYAGUEZ 1,DC,Cogeneración / otros,Biomasa/Otros,OTROS,O,,,,,heurística por nombre,0.0,SI
MERILECTRICA 1,DC,Térmica,Gas,GASMBT,T,164.0,MERILECTRICA 1,MRL1,EPSG,exacto,1.0,
MIEL I,DC,Hidráulica (embalse),Agua,AGUA,H,396.0,CENTRAL HIDROELECTRICA MIEL I,HMLG,ISGG,manual,1.0,
MINIGRANJA EL COPEY OCCIDENTE,DC,Solar fotovoltaica,Sol,SOL,O,0.99,MINIGRANJA EL COPEY OCCIDENTE,5E3J,UNGG,exacto,1.0,
MINIGRANJA EL JOROPO,DC,Solar fotovoltaica,Sol,SOL,O,0.99,MINIGRANJA EL JOROPO,4Z8N,UNGG,exacto,1.0,
MINIGRANJA EL MAPALE,DC,Solar fotovoltaica,Sol,SOL,O,0.99,MINIGRANJA EL MAPALE,4Z8P,UNGG,exacto,1.0,
MINIGRANJA EL MERENGUE,DC,Solar fotovoltaica,Sol,SOL,O,0.99,MINIGRANJA EL MERENGUE,4SO2,UNGG,exacto,1.0,
MINIGRANJA EL MOLINO,DC,Solar fotovoltaica,Sol,SOL,O,0.996,MINIGRANJA EL MOLINO,3NR4,UNGG,exacto,1.0,
MINIGRANJA EL OLIMPO,DC,Solar fotovoltaica,Sol,SOL,O,0.99,MINIGRANJA EL OLIMPO,4ULS,UNGG,exacto,1.0,
MINIGRANJA EL SON,DC,Solar fotovoltaica,Sol,SOL,O,0.99,MINIGRANJA EL SON,4S7E,UNGG,exacto,1.0,
MINIGRANJA IBIRICO,DC,Solar fotovoltaica,Sol,SOL,O,0.99,MINIGRANJA IBIRICO,4WWQ,UNGG,exacto,1.0,
MINIGRANJA LA CUMBIA,DC,Solar fotovoltaica,Sol,SOL,O,0.99,MINIGRANJA LA CUMBIA,4XOU,UNGG,exacto,1.0,
MINIGRANJA LA PAZ ESMERALDA,DC,Solar fotovoltaica,Sol,SOL,O,0.99,MINIGRANJA LA PAZ ESMERALDA,4RMR,UNGG,exacto,1.0,
MINIGRANJA LA PAZ LEYENDA,DC,Solar fotovoltaica,Sol,SOL,O,0.99,MINIGRANJA LA PAZ LEYENDA,3RGZ,UNGG,exacto,1.0,
MINIGRANJA LA PAZ VALLENATA,DC,Solar fotovoltaica,Sol,SOL,O,0.996,MINIGRANJA LA PAZ VALLENATA,3MHB,UNGG,exacto,1.0,
MINIGRANJA LA PAZ VERSO,DC,Solar fotovoltaica,Sol,SOL,O,0.99,MINIGRANJA LA PAZ VERSO,3Q9K,UNGG,exacto,1.0,
MINIGRANJA LA PUYA,DC,Solar fotovoltaica,Sol,SOL,O,0.99,MINIGRANJA LA PUYA,4SO8,UNGG,exacto,1.0,
MINIGRANJA LA RESERVA,DC,Solar fotovoltaica,Sol,SOL,O,0.99,MINIGRANJA LA RESERVA,4ULO,UNGG,exacto,1.0,
MINIGRANJA SAN DIEGO SUR,DC,Solar fotovoltaica,Sol,SOL,O,0.99,MINIGRANJA SAN DIEGO SUR,4Z8L,UNGG,exacto,1.0,
MINIGRANJA SAN PEDRO,DC,Solar fotovoltaica,Sol,SOL,O,0.9959,MINIGRANJA SAN PEDRO,3JPK,NTCG,exacto,1.0,
MINIGRANJA VALENCIA ORIENTE I,DC,Solar fotovoltaica,Sol,SOL,O,0.99,MINIGRANJA VALENCIA ORIENTE I,5H1F,UNGG,exacto,1.0,
MINIGRANJA VALENCIA ORIENTE II,DC,Solar fotovoltaica,Sol,SOL,O,0.99,MINIGRANJA VALENCIA ORIENTE II,5E3F,UNGG,exacto,1.0,
MINIGRANJA VILLANUEVA,DC,Solar fotovoltaica,Sol,SOL,O,0.99,MINIGRANJA VILLANUEVA,4S1G,UNGG,exacto,1.0,
MIROLINDO,DC,PCH / hidráulica menor,Agua,AGUA,O,3.75,PLANTA MENOR MIROLINDO,MIR1,HDTG,exacto,1.0,
MONDOMO,DC,PCH / hidráulica menor,Agua,AGUA,O,0.75,MONDOMO GENERADOR,MND1,CDIG,exacto,1.0,
MONTELIBANO,DC,Solar fotovoltaica,Sol,SOL,O,9.9,MONTELIBANO,3GPZ,EPSG,exacto,1.0,
MORRO AZUL,DC,PCH / hidráulica menor,Agua,AGUA,O,19.9,MORRO AZUL,2SI1,RENG,exacto,1.0,
MULATOS II,DC,PCH / hidráulica menor,Agua,AGUA,O,7.34,MULATOS II,2WC5,ESUG,exacto,1.0,
MUNICIPAL,DC,PCH / hidráulica menor,Agua,AGUA,O,,,,,heurística por nombre,0.0,SI
NIMA,DC,PCH / hidráulica menor,Agua,AGUA,O,6.7,NIMA 1 GENERADOR,NIM1,SOCG,aproximado,0.8,SI
NIQUIA,DC,PCH / hidráulica menor,Agua,AGUA,O,19.0,NIQUIA GENERADOR,NQU1,EPMG,exacto,1.0,
NUEVO LIBARE,DC,PCH / hidráulica menor,Agua,AGUA,O,,,,,heurística por nombre,0.0,SI
NUMBANA,DC,Solar fotovoltaica,Sol,SOL,O,9.9,NUMBANA,3J85,ERRG,exacto,1.0,
NUTIBARA,DC,PCH / hidráulica menor,Agua,AGUA,O,0.75,NUTIBARA GENERADOR,NTB1,EPMG,exacto,1.0,
OIBITA,DC,PCH / hidráulica menor,Agua,AGUA,O,19.9,OIBITA,3HDG,PSBG,exacto,1.0,
OVEJAS,DC,PCH / hidráulica menor,Agua,AGUA,O,0.82,OVEJAS GENERADOR,OVJ1,CDIG,exacto,1.0,
PAGUA,DC,Hidráulica (embalse),Agua,AGUA,H,600.0,PARAISO GUACA GENERA,PGUG,ENDG,manual,1.0,
PAIPA 1,DC,Térmica,Carbón,CARBON,T,36.0,PAIPA 1,PPA1,HIMG,exacto,1.0,
PAIPA 2,DC,Térmica,Carbón,CARBON,T,72.0,PAIPA 2,PPA2,HIMG,exacto,1.0,
PAIPA 3,DC,Térmica,Carbón,CARBON,T,70.0,PAIPA 3,PPA3,HIMG,exacto,1.0,
PAIPA 4,DC,Térmica,Carbón,CARBON,T,165.0,PAIPA 4,PPA4,SOCG,exacto,1.0,
PAJARITO,DC,PCH / hidráulica menor,Agua,AGUA,O,13.2,PAJARITO GENERADOR,PJR1,EPMG,exacto,1.0,
PALMAS SAN GIL,DC,PCH / hidráulica menor,Agua,AGUA,O,,,,,heurística por nombre,0.0,SI
PAPELES NACIONALES,ND,Cogeneración / otros,Biomasa/Otros,OTROS,O,0.0,COGENERADOR PAPELES NACIONALES S.A.,PPN1,NRCG,exacto,1.0,
PARQUE EOLICO CARRETO,DC,Eólica,Viento,VIENTO,O,9.1,PARQUE EOLICO CARRETO,4UK6,EPSG,exacto,1.0,
PARQUE EOLICO GUAJIRA I,DC,Eólica,Viento,VIENTO,O,19.9,PARQUE EOLICO GUAJIRA I ,3EE4,ISGG,exacto,1.0,
PARQUE EOLICO WESP01,DC,Eólica,Viento,VIENTO,O,12.0,PARQUE EOLICO WESP01,3EXH,ISGG,exacto,1.0,
PARQUE SOLAR ARENAL,DC,Solar fotovoltaica,Sol,SOL,O,2.0,PARQUE SOLAR ARENAL,3IS2,EGRG,exacto,1.0,
PARQUE SOLAR BARANOA,DC,Solar fotovoltaica,Sol,SOL,O,19.9,PARQUE SOLAR BARANOA,4RGG,FYRG,exacto,1.0,
PARQUE SOLAR BUGAMBILES,DC,Solar fotovoltaica,Sol,SOL,O,9.9,PARQUE SOLAR BUGAMBILES,5G3S,FYRG,exacto,1.0,
PARQUE SOLAR CRLI,DC,Solar fotovoltaica,Sol,SOL,V,,,,,sin Capains (OFEI/nombre),0.0,SI
PARQUE SOLAR DINAMARCA,DC,Solar fotovoltaica,Sol,SOL,O,9.0,PARQUE SOLAR DINAMARCA,3J4R,GNYG,exacto,1.0,
PARQUE SOLAR EL JARDIN,DC,Solar fotovoltaica,Sol,SOL,O,9.0,PARQUE SOLAR EL JARDIN,5JDL,GNYG,exacto,1.0,
PARQUE SOLAR HATO GRANDE,DC,Solar fotovoltaica,Sol,SOL,O,9.4,PARQUE SOLAR HATO GRANDE,5J8K,GNYG,exacto,1.0,
PARQUE SOLAR HONDA I,DC,Solar fotovoltaica,Sol,SOL,O,9.9,PARQUE SOLAR HONDA I,3J1J,AAGG,exacto,1.0,
PARQUE SOLAR HONDA II,DC,Solar fotovoltaica,Sol,SOL,O,9.9,PARQUE SOLAR HONDA II,3LLY,AAGG,exacto,1.0,
PARQUE SOLAR INTI I,DC,Solar fotovoltaica,Sol,SOL,O,9.9,PARQUE SOLAR INTI I,4XQ2,EMUG,exacto,1.0,
PARQUE SOLAR INTI II,DC,Solar fotovoltaica,Sol,SOL,V,,,,,sin Capains (OFEI/nombre),0.0,SI
PARQUE SOLAR LA MENA,DC,Solar fotovoltaica,Sol,SOL,O,9.0,PARQUE SOLAR LA MENA,3J4V,GNYG,exacto,1.0,
PARQUE SOLAR LA UNION,DC,Solar fotovoltaica,Sol,SOL,V,100.0,PARQUE SOLAR LA UNION,3IZ6,SLUG,exacto,1.0,
PARQUE SOLAR NISPEROS,DC,Solar fotovoltaica,Sol,SOL,O,19.9,PARQUE SOLAR NISPEROS,5G3T,FYRG,exacto,1.0,
PARQUE SOLAR PUERTA DE ORO,DC,Solar fotovoltaica,Sol,SOL,V,300.0,Futura-Parque Solar Puerta de Oro,PORO,OROG,manual,1.0,
PARQUE SOLAR SABANA,DC,Solar fotovoltaica,Sol,SOL,O,9.9,PARQUE SOLAR SABANA,5IME,AAGG,exacto,1.0,
PARQUE SOLAR TEPUY,DC,Solar fotovoltaica,Sol,SOL,V,83.0,PARQUE SOLAR TEPUY,TPUY,EPMG,exacto,1.0,
PARQUE SOLAR URRA,DC,Solar fotovoltaica,Sol,SOL,V,20.0,Futura - PARQUE SOLAR URRA 19.9,PSUA,EMUG,aproximado,0.87,SI
PARQUE SOLAR VERSALLES,DC,Solar fotovoltaica,Sol,SOL,O,9.0,PARQUE SOLAR VERSALLES,3J4T,GNYG,exacto,1.0,
PASTALES,DC,PCH / hidráulica menor,Agua,AGUA,O,0.7,PLANTA MENOR PASTALES 1,PST1,HDTG,aproximado,0.89,SI
PATICO - LA CABRERA,DC,PCH / hidráulica menor,Agua,AGUA,O,1.48,PATICO - LA CABRERA,PTC1,FERG,exacto,1.0,
PCH LA LIBERTAD,DC,PCH / hidráulica menor,Agua,AGUA,O,1.2,PCH LA LIBERTAD,2YIR,EGEG,exacto,1.0,
PCH LA NOQUE,DC,PCH / hidráulica menor,Agua,AGUA,O,9.9,PCH LA NOQUE,5F71,NTCG,exacto,1.0,
PETALO DE CORDOBA II,DC,Solar fotovoltaica,Sol,SOL,O,9.9,PETALO DE CORDOBA II,3J2H,BCCG,exacto,1.0,
PETALO DEL MAGDALENA,DC,Solar fotovoltaica,Sol,SOL,O,9.9,PETALO DEL MAGDALENA,3HWM,EPSG,exacto,1.0,
PETALO DEL NORTE DE SANTANDER I,DC,Solar fotovoltaica,Sol,SOL,O,19.9,PETALO DEL NORTE DE SANTANDER I,4YL8,ERRG,exacto,1.0,
PLANTA FV DONA JUANA,DC,Solar fotovoltaica,Sol,SOL,O,4.3,PLANTA FV DONA JUANA,5LT6,EPMG,exacto,1.0,
PLANTA SOLAR BAYUNCA I,DC,Solar fotovoltaica,Sol,SOL,O,3.0,PLANTA SOLAR BAYUNCA I,3A44,UNGG,exacto,1.0,
PLANTA SOLAR SAN FRANCISCO,DC,Solar fotovoltaica,Sol,SOL,O,4.9,PLANTA SOLAR SAN FRANCISCO,5ISX,EPMG,exacto,1.0,
PLANTA SOLAR SGDE,DC,Solar fotovoltaica,Sol,SOL,V,,,,,sin Capains (OFEI/nombre),0.0,SI
PLAYAS,DC,Hidráulica (embalse),Agua,AGUA,H,207.0,PLAYAS GENERADOR,PLYS,EPMG,exacto,1.0,
POCUNE,DC,PCH / hidráulica menor,Agua,AGUA,O,1.0,POCUNE,3AFQ,RTAG,exacto,1.0,
POLARIS I,DC,Solar fotovoltaica,Sol,SOL,O,0.99,POLARIS I,4YLM,UNGG,exacto,1.0,
PORCE II,DC,Hidráulica (embalse),Agua,AGUA,H,405.0,PORCE 2 GENERADOR,PRC2,EPMG,manual,1.0,
PORCE III,DC,Hidráulica (embalse),Agua,AGUA,H,700.0,PORCE 3 GENERADOR,PRC3,EPMG,manual,1.0,
PORCE III MENOR,DC,PCH / hidráulica menor,Agua,AGUA,O,1.8,PORCE III MENOR,2S8U,EPMG,exacto,1.0,
PORTON DEL SOL,DC,Solar fotovoltaica,Sol,SOL,V,102.0,PORTON DEL SOL,3IRX,GECG,exacto,1.0,
PRADO,DC,Hidráulica (embalse),Agua,AGUA,H,51.0,PRADO GENERADOR,PRDO,EPSG,manual,1.0,
PRADO IV,DC,PCH / hidráulica menor,Agua,AGUA,O,6.5,PRADO 4 GENERADOR,PRD4,EPSG,manual,1.0,
PROELECTRICA 1,DC,Térmica,Gas,GASMBT,T,45.0,PROELECTRICA 1 GEN.,PRG1,PRIG,manual,1.0,
PROELECTRICA 2,DC,Térmica,Gas,GASMBT,T,45.0,PROELECTRICA 2 GEN.,PRG2,PRIG,manual,1.0,
PROENCA II,DC,Térmica menor / cogeneración,Carbón,CARBON,O,17.0,PROENCA II,2U5P,PECG,exacto,1.0,
PROVIDENCIA,DC,PCH / hidráulica menor,Agua,AGUA,O,4.9,PCH PROVIDENCIA I,PRV1,HZEG,aproximado,0.92,
PUENTE GUILLERMO,DC,PCH / hidráulica menor,Agua,AGUA,O,4.2,PUENTE GUILLERMO GENERADOR,PTG1,NRCG,exacto,1.0,
REMEDIOS,DC,PCH / hidráulica menor,Agua,AGUA,O,0.75,PLANTA MENOR REMEDIOS,PMR1,CIEG,exacto,1.0,
RIO BOBO,DC,PCH / hidráulica menor,Agua,AGUA,O,4.0,RIO BOBO,RBB1,CDNG,exacto,1.0,
RIO CALI,DC,PCH / hidráulica menor,Agua,AGUA,O,1.8,RIO CALI 1 GENERADOR,RCL1,SOCG,aproximado,0.89,SI
RIO FRIO I,DC,PCH / hidráulica menor,Agua,AGUA,O,1.67,RIOFRIO I GENERADOR,RFR1,SOCG,aproximado,0.95,
RIO FRIO II,DC,PCH / hidráulica menor,Agua,AGUA,O,10.0,RIOFRIO II GENERADOR,RFR2,CETG,aproximado,0.95,
RIO GRANDE,ND,PCH / hidráulica menor,Agua,AGUA,O,19.0,RIOGRANDE,RGRN,EPMG,aproximado,0.95,
RIO MAYO,DC,PCH / hidráulica menor,Agua,AGUA,O,19.8,RIOMAYO GENERADOR,RMYO,CDNG,aproximado,0.93,
RIO PALO,DC,PCH / hidráulica menor,Agua,AGUA,O,,,,,heurística por nombre,0.0,SI
RIO PIEDRAS,DC,PCH / hidráulica menor,Agua,AGUA,O,19.9,RIO PIEDRAS GENERADOR,RPD1,EPSG,exacto,1.0,
RIO RECIO,DC,PCH / hidráulica menor,Agua,AGUA,O,0.984,PLANTA MENOR RIO RECIO,RCIO,HDTG,exacto,1.0,
RIO SAPUYES,DC,PCH / hidráulica menor,Agua,AGUA,O,1.65,RIO SAPUYES,SPY1,CDNG,exacto,1.0,
RIOFRIO (TAMESIS),DC,PCH / hidráulica menor,Agua,AGUA,O,,,,,heurística por nombre,0.0,SI
RIOGRANDE I,DC,PCH / hidráulica menor,Agua,AGUA,O,19.0,RIOGRANDE,RGRN,EPMG,aproximado,0.9,
RIONEGRO,DC,PCH / hidráulica menor,Agua,AGUA,O,10.2,MENOR RIONEGRO,RNG1,SPRG,exacto,1.0,
ROKRA,DC,Solar fotovoltaica,Sol,SOL,O,9.9,ROKRA,4SO4,ERRG,exacto,1.0,
ROVIRA,DC,Solar fotovoltaica,Sol,SOL,O,3.1,ROVIRA,3NLG,CTCG,exacto,1.0,
RUMOR,DC,PCH / hidráulica menor,Agua,AGUA,O,2.5,RUMOR GENERADOR,RMR1,SOCG,exacto,1.0,
SAJANDI,DC,PCH / hidráulica menor,Agua,AGUA,O,3.2,SAJANDI GENERADOR,SJN1,CDIG,exacto,1.0,
SALTO II,DC,Hidráulica (filo de agua),Agua,AGUA,F,35.0,CENTRAL SALTO II,2QEK,ENDG,exacto,1.0,
SALVAJINA,DC,Hidráulica (embalse),Agua,AGUA,H,315.0,SALVAJINA GENERADOR,SLVJ,EPSG,exacto,1.0,
SAN ANDRES DE CUERQUIA,DC,PCH / hidráulica menor,Agua,AGUA,O,19.9,SAN ANDRES DE CUERQUIA,2ZCF,EPSG,exacto,1.0,
SAN BARTOLOME,DC,PCH / hidráulica menor,Agua,AGUA,O,19.9,SAN BARTOLOME,3HDE,PSBG,exacto,1.0,
SAN CANCIO,DC,PCH / hidráulica menor,Agua,AGUA,O,,,,,heurística por nombre,0.0,SI
SAN CARLOS,DC,Hidráulica (embalse),Agua,AGUA,H,1240.0,SANCARLOS GENERADOR,SNCR,ISGG,manual,1.0,
SAN FRANCISCO,DC,Hidráulica (filo de agua),Agua,AGUA,F,135.0,SANFRANCISCO GENERA.,SNFR,EPMG,manual,1.0,
SAN FRANCISCO (PUTUMAYO),DC,PCH / hidráulica menor,Agua,AGUA,O,0.468,SAN FRANCISCO (PUTUMAYO),SFC1,SGMG,exacto,1.0,
SAN JOSE,DC,PCH / hidráulica menor,Agua,AGUA,O,0.38,PLANTA MENOR SAN JOSE,SJOG,FERG,exacto,1.0,
SAN JOSE DE LA MONTAÑA,DC,PCH / hidráulica menor,Agua,AGUA,O,0.4,PLANTA MENOR SAN JOSE DE LA MONTAÑA,SJM1,GPEG,exacto,1.0,
SAN JOSE DE LA MONTAÑA II,DC,PCH / hidráulica menor,Agua,AGUA,O,1.1,SAN JOSE DE LA MONTAÑA 2,2UR5,GPEG,aproximado,0.92,
SAN MATIAS,DC,PCH / hidráulica menor,Agua,AGUA,O,19.9,SAN MATIAS,2T4P,ISGG,exacto,1.0,
SAN MIGUEL,DC,Hidráulica (filo de agua),Agua,AGUA,F,50.0,SAN MIGUEL,SMI1,ISGG,exacto,1.0,
SAN ONOFRE,DC,Solar fotovoltaica,Sol,SOL,O,0.9,SAN ONOFRE,4YLO,UNGG,exacto,1.0,
SANTA ANA,DC,PCH / hidráulica menor,Agua,AGUA,O,8.0,PLANTA MENOR SANTA ANA,SNT1,ENDG,exacto,1.0,
SANTA RITA,DC,PCH / hidráulica menor,Agua,AGUA,O,1.3,GENERADOR HIDRAULICO SANTA RITA,SRA1,GPEG,exacto,1.0,
SANTIAGO,DC,PCH / hidráulica menor,Agua,AGUA,O,2.8,PCH CENTRAL SANTIAGO,STG1,HDTG,exacto,1.0,
SHANGRI LA,DC,Solar fotovoltaica,Sol,SOL,V,160.0,PFV SHANGRI LA,4YCF,ISGG,manual,1.0,
SILVIA,DC,PCH / hidráulica menor,Agua,AGUA,O,0.38,SILVIA GENERADOR,SLV1,CDIG,exacto,1.0,
SINCE,DC,Solar fotovoltaica,Sol,SOL,O,18.5,SINCE,3ENE,EPSG,exacto,1.0,
SOGAMOSO,DC,Hidráulica (embalse),Agua,AGUA,H,819.0,GENERADOR HIDRAULICO SOGAMOSO,SOG1,ISGG,manual,1.0,
SOL DE ZAWADY,DC,Solar fotovoltaica,Sol,SOL,O,9.9,SOL DE ZAWADY,5G3U,GRCG,exacto,1.0,
SOL DEL MAR II,DC,Solar fotovoltaica,Sol,SOL,V,,,,,sin Capains (OFEI/nombre),0.0,SI
SOL Y CIELO I,DC,Solar fotovoltaica,Sol,SOL,O,9.9,SOL Y CIELO I,3KJK,EYCG,exacto,1.0,
SOL Y CIELO II,DC,Solar fotovoltaica,Sol,SOL,O,0.99,SOL Y CIELO II,4S7I,EYCG,exacto,1.0,
SOL Y CIELO III,DC,Solar fotovoltaica,Sol,SOL,O,0.99,SOL Y CIELO III,4S7K,EYCG,exacto,1.0,
SOL Y CIELO IV,DC,Solar fotovoltaica,Sol,SOL,O,0.99,SOL Y CIELO IV,4SS7,EYCG,exacto,1.0,
SOL Y CIELO V,DC,Solar fotovoltaica,Sol,SOL,O,0.99,SOL Y CIELO V,4UZS,EYCG,exacto,1.0,
SOL Y CIELO VI,DC,Solar fotovoltaica,Sol,SOL,O,0.99,SOL Y CIELO VI,4VBC,EYCG,exacto,1.0,
SOL Y CIELO VII,DC,Solar fotovoltaica,Sol,SOL,O,0.99,SOL Y CIELO VII,5E6T,UNGG,exacto,1.0,
SOLAR ALEJANDRIA,DC,Solar fotovoltaica,Sol,SOL,O,9.4,SOLAR ALEJANDRIA,3K6T,GNYG,exacto,1.0,
SOLAR ARDOBELA I,DC,Solar fotovoltaica,Sol,SOL,O,9.9,SOLAR ARDOBELA I,4Z9Q,ECBG,exacto,1.0,
SOLAR ARDOBELA II,DC,Solar fotovoltaica,Sol,SOL,O,9.9,SOLAR ARDOBELA II,4Z9S,ECBG,exacto,1.0,
SOLAR OLD T,DC,Solar fotovoltaica,Sol,SOL,O,9.9,SOLAR OLD T,3NLZ,GNCG,exacto,1.0,
SOLAR PALMASECA I,DC,Solar fotovoltaica,Sol,SOL,O,13.0,SOLAR PALMASECA I,4UZM,EPSG,exacto,1.0,
SOLAR PALMASECA II,DC,Solar fotovoltaica,Sol,SOL,O,11.95,SOLAR PALMASECA II,4UZO,EPSG,exacto,1.0,
SOLAR PLANETA RICA,DC,Solar fotovoltaica,Sol,SOL,O,19.9,SOLAR PLANETA RICA,3J2B,EPSG,exacto,1.0,
SOLAR PN I,DC,Solar fotovoltaica,Sol,SOL,O,9.9,SOLAR PN I,4YKB,GNCG,exacto,1.0,
SONSON,DC,PCH / hidráulica menor,Agua,AGUA,O,18.5,SONSON GENERADOR,SNS1,EPMG,exacto,1.0,
SUAREZ,DC,Solar fotovoltaica,Sol,SOL,V,,,,,sin Capains (OFEI/nombre),0.0,SI
SUBA,DC,PCH / hidráulica menor,Agua,AGUA,O,2.6,PCH SUBA,SBA1,ENDG,exacto,1.0,
SUEVA 2,DC,PCH / hidráulica menor,Agua,AGUA,O,6.0,PLANTA MENOR SUEVA 2,SUV1,CMXG,exacto,1.0,
SUNNORTE,DC,Solar fotovoltaica,Sol,SOL,V,35.0,SUNNORTE,3IQA,GNSG,exacto,1.0,
TASAJERO 1,DC,Térmica,Carbón,CARBON,T,165.0,TASAJER 1 GENERADOR,TSJ1,TRMG,manual,1.0,
TASAJERO 2,DC,Térmica,Carbón,CARBON,T,170.0,TASAJERO II - GENERADOR,TSJ2,TERG,manual,1.0,
TEBSAB CC,DC,Térmica,Gas,GASMBT,T,791.0,TEBSA TOTAL,TBST,TBSG,manual,1.0,
TEQUENDAMA 1,DC,PCH / hidráulica menor,Agua,AGUA,O,14.2,TEQUENDAMA 1,2UPJ,ENDG,exacto,1.0,
TEQUENDAMA 2,DC,PCH / hidráulica menor,Agua,AGUA,O,14.2,TEQUENDAMA 2,2UPD,ENDG,exacto,1.0,
TEQUENDAMA 3,DC,PCH / hidráulica menor,Agua,AGUA,O,14.2,TEQUENDAMA 3,2UPF,ENDG,exacto,1.0,
TEQUENDAMA 4,DC,PCH / hidráulica menor,Agua,AGUA,O,14.2,TEQUENDAMA 4,2UPH,ENDG,exacto,1.0,
TEQUENDAMA BIOGAS,DC,Cogeneración / otros,Biomasa/Otros,OTROS,O,2.25,TEQUENDAMA BIOGAS,2S9Q,VESG,exacto,1.0,
TERMOBOLIVAR,DC,Térmica menor / cogeneración,Gas,GASMBT,O,9.7,TERMOBOLIVAR,TMB1,GSAG,exacto,1.0,
TERMOCANDELARIA CC,DC,Térmica,Gas,GASMBT,T,555.0,TERMOCANDELARIA CICLO COMBINADO,TCDT,TCIG,manual,1.0,
TERMOCAPACHOS,DC,Térmica menor / cogeneración,Gas,GASMBT,O,9.9,TERMOCAPACHOS,2WFN,GSAG,exacto,1.0,
TERMOCARIBE III,DC,Térmica,Gas,GASMBT,T,52.0,FUTURA - TERMOCARIBE,TCBE,TCBG,manual,1.0,
TERMOCENTRO CC,DC,Térmica,Gas,GASMBT,T,272.0,TERMOCENTRO -1,TRM1,TCNG,manual,1.0,
TERMODORADA 1,DC,Térmica,Gas,GASMBT,T,48.0,TERMODORADA1,TDR1,EPMG,aproximado,0.96,
TERMOEMCALI CC,DC,Térmica,Gas,GASMBT,T,229.0,TERMOEMCALI 1,TEC1,TEMG,manual,1.0,
TERMOFENIX I,DC,Térmica menor / cogeneración,Gas,GASMBT,O,,,,,heurística por nombre,0.0,SI
TERMOMECHERO 4,DC,Térmica menor / cogeneración,Gas,GASMBT,O,19.3,TERMOMECHERO 4,2U93,TMMG,exacto,1.0,
TERMOMECHERO 5,DC,Térmica menor / cogeneración,Gas,GASMBT,O,19.3,TERMOMECHERO 5,2U8Y,TMMG,exacto,1.0,
TERMOMECHERO 6,DC,Térmica menor / cogeneración,Gas,GASMBT,O,19.3,TERMOMECHERO 6,2U91,TMMG,exacto,1.0,
TERMONORTE,DC,Térmica,Líquidos,FOIL,T,88.0,TERMO NORTE,TRN1,TMNG,manual,1.0,
TERMOPIEDRAS,DC,Térmica menor / cogeneración,Gas,GASMBT,O,3.75,TERMOPIEDRAS 1 GENERA,TPD1,TRPG,aproximado,0.92,
TERMOSARAVENA,DC,Térmica menor / cogeneración,Gas,GASMBT,O,4.9,TERMOSARAVENA 1,5E69,GSAG,aproximado,0.93,
TERMOSIERRA CC,DC,Térmica,Líquidos,ACPM,T,352.0,T SIERRA1 GENERADOR,TSR1,EPMG,manual,1.0,
TERMOTASAJERO DOS SOLAR,DC,Solar fotovoltaica,Sol,SOL,O,4.0,TERMOTASAJERO DOS SOLAR,3GJQ,TERG,exacto,1.0,
TERMOVALLE CC,DC,Térmica,Líquidos,ACPM,T,237.0,TERMOVALLE1,TVL1,TMVG,manual,1.0,
TERMOYOPAL 1,DC,Térmica,Gas,GASMBT,T,8.0,TERMOYOPAL UNIDAD 1,TYP1,TYPG,exacto,1.0,
TERMOYOPAL 2,DC,Térmica,Gas,GASMBT,T,28.0,TERMOYOPAL UNIDAD 2,TYP2,TYPG,exacto,1.0,
TERMOYOPAL G3,DC,Térmica,Gas,GASMBT,T,50.0,TERMOYOPALG3,TYP3,TYPG,aproximado,0.96,
TERMOYOPAL G4,DC,Térmica,Gas,GASMBT,T,50.0,TERMOYOPAL G4,TYP4,TYPG,exacto,1.0,
TERMOYOPAL G5,DC,Térmica,Gas,GASMBT,T,50.0,TERMOYOPAL G5,TYP5,TYPG,exacto,1.0,
TESORITO,DC,Térmica,Gas,GASMBT,T,200.0,TESORITO,3ENA,EPSG,exacto,1.0,
TIERRA LINDA,DC,Solar fotovoltaica,Sol,SOL,O,9.9,TIERRA LINDA,3HBN,AAGG,exacto,1.0,
TOLU SOLAR,DC,Solar fotovoltaica,Sol,SOL,V,,,,,sin Capains (OFEI/nombre),0.0,SI
TRINA-VATIA BSLI,DC,Solar fotovoltaica,Sol,SOL,O,19.9,TRINA-VATIA BSLI,2ZP9,ISGG,exacto,1.0,
TRINA-VATIA BSLII,DC,Solar fotovoltaica,Sol,SOL,O,19.9,TRINA-VATIA BSLI,2ZP9,ISGG,aproximado,0.97,
TRINA-VATIA BSLIII,DC,Solar fotovoltaica,Sol,SOL,O,19.9,TRINA-VATIA BSLI,2ZP9,ISGG,aproximado,0.94,
TUNJITA,DC,Hidráulica (filo de agua),Agua,AGUA,F,21.0,PCH TUNJITA GENERACIÓN,TUJ1,CHVG,manual,1.0,
TZ II,DC,PCH / hidráulica menor,Agua,AGUA,O,10.5,TZ II,3H2U,CTZG,exacto,1.0,
UNION,DC,PCH / hidráulica menor,Agua,AGUA,O,0.7,MENOR UNIÓN,UNN1,CALG,exacto,1.0,
URRA,DC,Hidráulica (embalse),Agua,AGUA,H,338.0,URRA,URA1,EMUG,exacto,1.0,
URRAO,DC,PCH / hidráulica menor,Agua,AGUA,O,1.03,PLANTA MENOR URRAO,PLU1,SFEG,exacto,1.0,
URUACO,DC,Solar fotovoltaica,Sol,SOL,O,0.996,URUACO,3HYG,UNGG,exacto,1.0,
USAQUEN,DC,PCH / hidráulica menor,Agua,AGUA,O,1.8,PCH USAQUEN,USQ1,ENDG,exacto,1.0,
VALLEDUPAR I,DC,Solar fotovoltaica,Sol,SOL,O,19.9,VALLEDUPAR I,5AXE,EPSG,exacto,1.0,
VALLEDUPAR II,DC,Solar fotovoltaica,Sol,SOL,O,19.9,VALLEDUPAR II,5AXC,EPSG,exacto,1.0,
VALLEDUPAR III,DC,Solar fotovoltaica,Sol,SOL,O,19.9,VALLEDUPAR III,5AXG,EPSG,exacto,1.0,
VENTANA A,DC,PCH / hidráulica menor,Agua,AGUA,O,2.5,VENTANA GENERADOR 2,VNTA,HDTG,aproximado,0.88,SI
VENTANA B,DC,PCH / hidráulica menor,Agua,AGUA,O,2.5,VENTANA GENERADOR 2,VNTA,HDTG,aproximado,0.89,SI
VILLANUEVA,DC,Térmica,Biomasa/Otros,BIOM,T,25.0,VILLANUEVA 1,4YCN,RFVG,aproximado,0.91,
ZAMBRANO II,DC,Solar fotovoltaica,Sol,SOL,O,15.5,ZAMBRANO II,4Z8H,DEPG,exacto,1.0,
ZEUS,DC,PCH / hidráulica menor,Agua,AGUA,O,9.9,ZEUS,3E9I,CHZG,exacto,1.0,
ZIPAEMG 2,DC,Térmica,Carbón,CARBON,T,36.0,ZIPA BOGOTA 2 GEN.,ZPA2,ENDG,manual,1.0,
ZIPAEMG 3,DC,Térmica,Carbón,CARBON,T,63.0,ZIPA BOGOTA 3 GEN.,ZPA3,ENDG,manual,1.0,
ZIPAEMG 4,DC,Térmica,Carbón,CARBON,T,64.0,ZIPA ISA 4 GENERADOR,ZPA4,ENDG,manual,1.0,
ZIPAEMG 5,DC,Térmica,Carbón,CARBON,T,63.0,ZIPA ISA 5 GENERADOR,ZPA5,ENDG,manual,1.0,
